;s_ecoreg;Beringraja binoculata;Cetorhinus maximus;Oncorhynchus tshawytscha;Mola mola;Erilepis zonifer;Albatrossia pectoralis;Hippoglossus stenolepis;Lamna ditropis;Ophiodon elongatus;Icosteus aenigmaticus;Somniosus pacificus;Tursiops truncatus;Delphinus delphis;Orcinus orca;Phocoena phocoena;Phocoenoides dalli;Delphinapterus leucas;Physeter macrocephalus;Berardius bairdii;Mesoplodon carlhubbsi;Mesoplodon stejnegeri;Eschrichtius robustus;Balaenoptera acutorostrata;Balaenoptera borealis;Balaenoptera physalus;Balaenoptera musculus;Megaptera novaeangliae;Enhydra lutris;Eumetopias jubatus;Callorhinus ursinus;Phoca vitulina;Mirounga angustirostris;Eubalaena japonica;Pusa hispida;Histriophoca fasciata;Enteroctopus dofleini;Thunnus orientalis;Kajikia audax;Istiompax indica;Taeniurops meyeni;Mobula birostris;Pteroplatytrygon violacea;Seriola rivoliana;Acanthocybium solandri;Istiophorus platypterus;Thunnus alalunga;Thunnus albacares;Thunnus obesus;Carcharhinus albimarginatus;Carcharhinus altimus;Carcharhinus brachyurus;Carcharhinus falciformis;Carcharhinus galapagensis;Carcharhinus leucas;Carcharhinus limbatus;Carcharhinus longimanus;Carcharhinus obscurus;Carcharhinus plumbeus;Carcharodon carcharias;Galeocerdo cuvier;Hexanchus griseus;Negaprion brevirostris;Odontaspis ferox;Prionace glauca;Sphyrna lewini;Sphyrna mokarran;Sphyrna zygaena;Aetobatus narinari;Lampris guttatus;Lepidocybium flavobrunneum;Seriola dumerili;Sphyraena barracuda;Alopias superciliosus;Alopias vulpinus;Ginglymostoma cirratum;Dasyatis brevis;Masturus lanceolatus;Aetobatus ocellatus;Makaira nigricans;Seriola lalandi;Xiphias gladius;Luvarus imperialis;Mycteroperca xenarcha;Nematistius pectoralis;Regalecus glesne;Rhincodon typus;Ruvettus pretiosus;Tetrapturus angustirostris;Alopias pelagicus;Megachasma pelagios;Mobula tarapacana;Elagatis bipinnulata;Isurus oxyrinchus;Steno bredanensis;Stenella longirostris;Stenella attenuata;Stenella coeruleoalba;Lagenodelphis hosei;Grampus griseus;Peponocephala electra;Feresa attenuata;Pseudorca crassidens;Globicephala macrorhynchus;Kogia breviceps;Kogia sima;Ziphius cavirostris;Indopacetus pacificus;Mesoplodon densirostris;Balaenoptera edeni;Mesoplodon peruvianus;Caretta caretta;Dermochelys coriacea;Eretmochelys imbricata;Lepidochelys olivacea;Dosidicus gigas;Notorynchus cepedianus;Mycteroperca jordani;Myliobatis californica;Stereolepis gigas;Zalophus californianus;Arctocephalus townsendi;Delphinus capensis;Acipenser medirostris;Lagenorhynchus obliquidens;Lissodelphis borealis;Acipenser transmontanus;Mesoplodon perrini
1;Aleutian Islands _s202200;5.990242697;103.4440777;188.5718785;22.93556467;285.7310918;455.3260468;320.4792878;290.6341653;94.19644079;241.0757883;395.455424;23.93428383;52.67772176;183.4132689;90.89089628;264.1996745;173.7040395;24.3265954;202.108103;120.1462825;316.0827264;108.8814073;156.8716593;119.6354111;159.6706749;122.6331149;105.0691259;123.361666;101.909739;270.4333308;29.28816716;93.53780837;302.4212069;167.1037794;250.4659054;254.6736365;0;0;0;0;0;0;0;0;0;0;0;0;0;0;0;0;0;0;0;0;0;0;0;0;0;0;0;0;0;0;0;0;0;0;0;0;0;0;0;0;0;0;0;0;0;0;0;0;0;0;0;0;0;0;0;0;0;0;0;0;0;0;0;0;0;0;0;0;0;0;0;0;0;0;0;0;0;0;0;0;0;0;0;0;0;0;0;0;0;0;0
2;Clipperton _s202200;0;0;0;14.54343677;0;0;0;0;0;0;0;9.779935821;17.56673173;30.760715;0;0;0;18.08505672;0;0;0;0;5.571118481;17.89089252;0;17.82348942;11.55004097;0;0;0;0;0;0;0;0;0;13.24145744;13.5022268;14.82104255;9.757620702;8.483922966;32.82430717;15.09206158;27.35841275;23.27754972;11.63243894;13.16229911;12.94597662;10.78771926;12.33304145;8.163080202;46.60416473;8.0193105;9.124337345;10.16983627;35.76016131;10.21700493;6.704497543;11.36627616;6.003430532;18.20322371;12.36374647;20.63130038;13.27735444;34.37950687;29.72170195;23.97767436;8.5722858;11.44276188;14.64689711;6.75087255;9.48481945;23.17848431;18.55842508;12.65342275;12.44663505;17.32061056;12.01302212;15.21599783;11.06221585;11.87574025;14.50404508;13.21248315;17.13766688;13.02360059;18.48964416;4.898082212;13.36702104;41.70174804;22.44607685;98.43146974;21.84930735;15.41644749;74.92199146;96.16298834;92.75990069;19.0152713;32.56647855;13.420939;53.33579317;69.92413262;48.04711201;18.55993758;40.27154775;57.98777881;18.91345642;32.56427662;28.41747753;35.17050642;77.95924857;4.881476674;11.99592624;6.964709815;12.84356537;13.30122289;0;0;0;0;0;0;0;0;0;0;0;0
3;Cortezian _s202200;0;13.33793215;0;24.78658544;0;0;0;0;0;0;0;181.7880722;22.15880276;64.56710938;0;0;0;12.03258485;0;2.08288271;0;0;46.75009329;12.41286016;12.51729026;12.62486877;23.2215582;0;0;0;1.187358128;0;0;0;0;0;19.67091321;21.92816436;24.51694451;907.0684204;771.1885976;46.98348348;1243.585874;47.70366621;36.50155518;19.59292792;21.85585368;21.97884604;841.8736111;1155.359323;1052.92397;68.79892923;762.0750768;854.7679225;927.9975592;61.2638368;909.3134386;668.3070798;26.66140311;634.954668;187.9562523;1002.346589;475.172798;22.36113229;56.98643406;48.68607753;39.01565485;775.6204192;18.43004163;421.6052999;643.8982238;786.6593111;37.93323176;30.74928256;1128.179172;1042.032287;22.12066582;995.2788823;23.78054292;650.2394787;20.54156302;24.57935908;1036.255054;1357.988723;22.35513579;30.25982397;442.1730261;25.65744955;59.26926924;31.78534959;54.91879151;1197.657394;23.74596111;112.3504972;138.0476828;79.40504942;13.41948245;21.26554754;186.5860632;84.95883328;105.0378124;41.18800131;26.47667154;62.14000981;87.08728343;12.79425102;23.35885951;21.18753106;39.61257977;38.44581242;511.9649821;19.65054197;660.4634318;1140.637041;138.1100544;82.99766678;1585.471675;795.1642399;851.1383538;125.0755962;69.64872517;374.6787795;0;0;0;0;0
4;Eastern Bering Sea _s202200;66.63373062;19.64210974;407.8864489;0;302.7657847;164.4759016;448.4933427;204.693673;136.5042384;75.71435949;246.9180292;1.577912968;6.78447905;203.3556791;422.1817664;183.7087343;807.2910995;1.517202745;17.40849687;8.511780304;120.40352;740.0661066;225.0258847;10.75861478;38.29508489;11.03441191;116.3997259;230.8821747;344.6605347;64.44416173;382.143065;14.8978989;137.0136852;857.4797822;785.3947696;102.217785;0;0;0;0;0;0;0;0;0;0;0;0;0;0;0;0;0;0;0;0;0;0;0;0;0;0;0;0;0;0;0;0;0;0;0;0;0;0;0;0;0;0;0;0;0;0;0;0;0;0;0;0;0;0;0;0;0;0;0;0;0;0;0;0;0;0;0;0;0;0;0;0;0;0;0;0;0;0;0;0;0;0;0;0;0;0;0;0;0;0;0
5;Gulf of Alaska _s202200;697.1839684;98.16989115;428.6261345;57.95904533;510.3114008;342.2087406;573.0035433;438.8211777;686.7489301;277.7914718;627.5983397;208.6594614;55.81900798;175.4272519;414.4840407;320.9916685;303.6582724;29.76985201;110.7779931;206.6259703;381.4685506;306.9964491;166.5291406;65.1127355;104.8744314;66.44355817;91.55587183;544.984307;465.6852;206.7039766;436.3890344;140.6648137;267.2281172;289.0227793;322.2032978;571.5315987;0;0;0;0;0;0;0;0;0;0;0;0;0;0;0;0;0;0;0;0;0;0;9.599443312;0;75.83114307;0;0;0.432149279;0;0;0;0;1.440505541;0;0;0;0;3.540213453;0;0;0;0;0;0;0;0;0;0;27.0662539;0;0;0;0;0;0;0;0;0;0;0;18.75500205;0;53.98718592;0;0;0;0;17.17621331;0;22.45941932;0;0;0;0;0;2.704398056;0;0;0;0;0;0;0;106.0080199;0;167.9394839;207.9350933;148.9143617;8.437320861;0;0
6;Hawaii _s202200;0;18.2145783;0;23.30660262;0;0;0;0;0;0;0;71.9590805;61.35746014;20.36272683;0;0;0;169.5929228;0;0;0;0;12.65327146;30.77089039;5.738094357;25.36087195;110.6766267;0;0;0;0;0;0;0;0;0;157.5485116;164.9354881;179.5041785;578.82206;534.3174684;28.55727299;125.343543;213.6232952;226.0898313;152.362396;159.0656224;160.0351771;617.1654189;327.9355722;0;37.50358517;605.2975565;486.9658841;295.4337435;62.44765533;0;487.3547647;148.2048665;515.8662093;256.1761607;0;548.9057576;160.1113078;66.31067458;253.2606845;17.85826202;490.3347478;141.3411393;567.3419262;493.0837311;549.8291765;223.4227433;34.64592567;0;146.8702936;220.61928;501.4235431;193.3791733;0;149.3613728;163.7804168;0;0;128.7545557;218.8518539;489.5390958;188.6045493;36.03242179;75.4557548;0;0;172.9723394;307.4855712;134.9117519;262.8492173;189.1038279;306.9893784;118.8278269;383.7811884;305.8225637;192.6635019;197.4100241;126.6620175;226.3987729;174.0276208;336.2885176;259.34345;119.9538382;11.35769938;358.2789308;142.5829719;514.9009966;0;0;0;0;0;76.3906263;0;0;0;0;0;0;0;0
7;High seas _s202200;0;1238.851081;3.86520457;1341.523127;12.89366258;83.45771743;22.2322019;426.1347241;0;996.7815088;9.566148937;232.7187284;1287.532814;605.1913637;0;573.0318059;132.8426142;1419.200784;1162.802412;272.4370529;103.4763122;92.25974239;848.7634044;1320.605516;1164.664652;1329.219385;1203.912006;0;0;866.6156027;0;978.7372418;816.0462375;121.171505;174.5841611;1.349166828;1434.219973;1417.81637;1413.395638;57.56996214;47.42512938;1527.950331;41.14572577;1501.331157;1464.93576;1418.571792;1400.688844;1411.869872;91.69561371;89.29122011;44.21668443;1510.3271;54.93227692;46.99033733;39.56066307;1491.262584;0;52.53008384;1494.464586;97.28007841;386.0358215;0;315.9548723;1494.41715;1448.06751;1486.26672;1522.364023;47.91907762;1386.363907;203.8172067;43.4081105;53.90861667;1470.954691;1383.88148;0;0;1407.276113;54.05859952;1480.702532;164.2313583;1398.660297;1490.44606;0;0;1404.973155;1380.677901;133.4323715;1455.187539;1451.922899;1308.691519;1684.462901;31.98558396;1522.041391;1252.386392;1234.088904;1394.93835;1475.763077;1503.205299;368.3405884;1356.361151;1230.579831;1223.180294;1581.367;1098.804122;1128.795232;1441.953778;1601.751665;1409.901321;1351.622473;1335.65409;28.64514883;1370.347801;45.89743768;0;3.222763256;32.27042149;0;0;0;24.92267039;0;7.238770857;0;734.2317837;989.5012775;0;0
8;Kamchatka Shelf and Coast _s202200;0;17.7131353;83.63873221;0;31.71652765;25.00521611;161.4487204;37.47173355;0;12.7530659;126.5221479;0;4.294922328;114.112747;42.74162199;115.1175478;133.9314881;1.780962607;50.30895884;0;24.78443858;106.3523413;82.52876221;39.14084226;58.00079015;40.13680893;42.21691819;6.142489594;53.20175016;113.0051689;9.638554217;0;97.07211608;131.5333312;191.6027412;4.121091402;0;0;0;0;0;0;0;0;0;0;0;0;0;0;0;0;0;0;0;0;0;0;0;0;0;0;0;0;0;0;0;0;0;0;0;0;0;0;0;0;0;0;0;0;0;0;0;0;0;0;0;0;0;0;0;0;0;0;0;0;0;0;0;0;0;0;0;0;0;0;0;0;0;0;0;0;0;0;0;0;0;0;0;0;0;0;0;0;0;0;0
9;Magdalena Transition _s202200;0;9.644872192;0;7.060143375;0;0;0;0;0;0;0;45.74385317;10.86465526;20.18813375;7.48603825;0;0;11.54241165;1.32273453;1.121552228;0;10.77411347;13.31900259;6.773496726;8.422090249;6.334661266;11.88116174;0;0;0;3.841452768;0.467088499;0;0;0;0;11.11396529;12.0618956;13.13114166;124.7999688;127.6830406;12.01308445;162.994265;19.06877636;16.98966477;10.74974306;11.66311832;11.73250435;31.82377182;140.8433334;236.6159498;13.50564732;136.8094371;135.8613831;153.0560358;16.0478636;231.2661636;158.7652666;12.96583489;150.6983582;50.11041914;179.0220024;125.6594181;11.75791758;17.89342755;20.40978489;9.682614461;120.2691698;10.01881388;106.4716752;152.7722458;114.2049689;18.23577599;9.69103329;158.6739213;188.0686556;14.18636009;90.8184472;13.41228399;118.5237412;10.95316734;12.88286587;204.7934889;216.9628627;11.12065744;14.73788472;124.4435832;13.78078608;14.02023327;13.04145478;12.77181198;165.7844352;12.74399473;55.27202596;35.82967892;43.65266445;12.87551973;20.07771246;50.43938987;37.65436041;54.50807493;30.32010295;15.05030714;29.71040072;43.40282143;12.07711787;22.19114372;19.06301376;19.83530846;8.745428526;101.3308729;10.45164055;146.6767887;204.2126894;31.05571865;99.71328079;334.6969134;231.8763698;246.518222;49.53717792;30.38089792;74.3421767;0;3.086574558;0;0;0
10;Mexican Tropical Pacific _s202200;0;1.097753603;0;26.96070104;0;0;0;0;0;0;0;92.37821168;34.69148599;61.96761234;0;0;0;30.45142617;0;0;0;0;28.06144348;32.31918701;0.168501984;31.97954337;20.16114022;0;0;0;0;0;0;0;0;0;26.5147937;27.31184137;30.28248873;191.834823;163.0609994;54.57025349;284.3662128;54.76534656;47.44789659;24.06319843;26.75317759;26.31291905;203.7800168;238.8910129;163.7151085;77.35492623;170.0895757;170.8988385;201.4644564;66.18577109;191.4624153;136.9929292;23.23228374;124.3567753;46.52976443;235.7943076;81.91583822;26.73621159;63.42002598;58.96664586;39.38887563;168.7883074;23.11281356;96.89485781;135.2874859;177.0177018;46.64167331;34.02458209;238.3904846;236.486066;35.12287131;232.6922384;30.73536629;197.7826943;24.23026402;29.69473038;256.9827973;334.1845041;26.47225109;38.88676427;91.66410998;28.91132995;71.61087518;45.16775743;74.342062;366.9332132;30.7704639;165.1012974;208.8062945;165.8736889;31.20888559;61.63131826;130.1480971;109.2023756;153.3479287;87.48491496;29.85496446;67.26991479;119.1238967;29.50667939;63.68367533;52.22771696;67.5061218;127.8309066;95.80568504;24.96519283;150.9252617;267.6599024;107.1715272;0;0;7.119623637;9.006755066;0;3.5823281;71.22950523;0;0;0;0;0
11;North American Pacific Fijordland _s202200;447.9713456;63.34896616;264.1223123;41.82306368;221.8274649;251.6250181;258.7670381;202.164777;428.6744064;139.1686386;267.4590408;203.1914461;39.49830313;122.428551;229.3729818;192.6000292;172.0191504;25.20890715;58.01194229;271.0351126;236.4684823;168.6726204;92.383335;34.06974944;53.97178735;34.39733416;46.67431314;307.2322427;277.1883522;117.0120258;308.2009196;75.23683611;141.8203884;150.1949286;163.7018954;336.6539191;0;0;0;0;0;0;0;0;0;5.150141053;0;0;0;0;0;0;0;0;0;0;0;0;25.19984552;0;159.0485582;0;0;16.97309508;0;0;0;0;15.76728896;0;0;0;0;28.46861444;0;0;0;0;0;0;7.697121223;8.650879844;0;0;31.39500493;0;0;0;0;0;0;0;2.257588195;0;0;0;23.7938147;0;156.1497077;0;0;10.23449324;0;73.12446369;0;26.52151958;0;9.922648631;0;0;0;17.27413379;0;0;208.1319106;0;0;0;0;331.9299084;0;126.0993883;648.7599496;205.5658656;90.12463318;352.4988446;0
12;Northern California _s202200;64.28703761;29.30053444;11.57771924;28.69915972;14.32890604;103.3591731;0;55.38387278;45.01476667;68.95341522;12.61290185;63.30399353;30.5913334;48.2846876;13.43253136;71.65830611;0;26.95719154;49.20326744;181.4711561;144.6584496;25.50994303;44.35433715;28.6495073;38.2439325;28.67514696;26.07233167;28.23389954;18.63266899;79.36330978;2.607531576;52.58081966;55.99194699;0;0;66.74696253;14.6206361;13.0139194;6.665932592;0;0;15.1819232;0;0;0.153219315;14.95066152;13.96355619;14.28215957;0;0;22.33509444;0;0;0;0;0;12.45197476;3.732400694;26.12612594;0;76.20608074;0;22.98170169;21.53659146;0;0;29.43162701;0;17.39745354;34.36387399;8.168555786;0;0.146754998;29.60051942;0;0;0;0;9.798665087;72.81612409;15.98278034;23.99109138;0;0;22.97937227;0;48.60404657;3.046997884;0;23.15639574;0;0;20.31627985;0;0;3.459389185;29.50412201;0.206221369;82.76634729;0;1.261424075;65.7241154;18.70343598;70.40525532;22.61171323;29.88633812;0;33.07824029;12.38869704;0;57.29029766;19.863128;0;0;183.1701443;195.5959;0;247.6512222;222.6670003;137.710273;429.1215718;140.57693;137.8653308;124.4661191;113.9750126;287.2953021;692.5617235
13;Oregon Washington Vancouver Coast and Shelf _s202200;141.9440499;36.55338798;71.59575686;33.33088059;57.03328118;196.7034202;18.70367263;101.7539625;131.8811002;80.50923057;71.28746605;179.5696203;35.21836309;94.18973613;55.3081592;114.5477004;40.9645818;27.38667663;52.46710466;232.7821705;184.0300078;64.49849206;64.90440626;30.90091841;42.86871017;30.76447384;31.97176735;101.593545;87.68314818;92.49216007;49.24044002;58.17698473;85.46615964;31.96185198;28.194961;127.1405758;3.150970232;2.278182407;0;0;0;0;0;0;0;12.76339304;8.986614772;7.911430159;0;0;0;0;0;0;0;0;0;0;25.30439184;0;122.5296294;0;0;20.02752618;0;0;20.56587311;0;16.51689373;0;0;0;0;28.58662156;0;0;0;0;0;0;13.70338899;17.44735102;0;0;25.92093111;0;2.691253963;0;0;0;0;0;14.78206722;0;0;0;26.39910988;0;234.9714659;0;0;64.31562244;4.582220207;82.02108212;13.38798501;30.61587842;0;32.53064184;0;0;5.525187883;18.80779018;0;0;224.7730882;112.01783;0;75.10504935;10.17429739;398.7627262;217.0753047;91.49806363;167.6757122;171.0476734;120.5995908;418.0771201;0
14;Puget Trough Georgia Basin _s202200;1.821774841;3.885053904;19.00392247;2.480534578;0;0;0;0;1.612015293;0;0;13.09199076;0.30463984;3.795782995;25.32551758;0.44414574;9.043384174;0;0;0;1.844741121;11.76819721;3.486328861;0;0.361075681;0;1.645807365;23.00739523;24.2005489;0;48.07636342;0;0;5.863968811;0;31.98751898;0;0;0;0;0;0;0;0;0;0;0;0;0;0;0;0;0;0;0;0;0;0;0;0;0.95609105;0;0;0.537593703;0;0;0;0;0.320614086;0;0;0;0;1.444985083;0;0;0;0;0;0;0;0;0;0;1.778451534;0;0;0;0;0;0;0;0;0;0;0;0;0;2.870913908;0;0;0;0;0;0;0;0;0;0;0;0;0.813900819;0;0;0;0;0;0;0;0;0;0;0;0;0;195.9853604;0
15;Revillagigedos _s202200;0;0.932864687;0;17.50548688;0;0;0;0;0;0;0;74.86494002;39.95526289;49.33871252;0;0;0;49.58451986;0;0;0;0;28.43810715;31.69553409;0.469398385;29.07276118;38.61377564;0;0;0;0;0;0;0;0;0;36.74454104;38.46738221;41.86519179;36.98138246;33.93569186;25.35070997;15.88638061;63.66709477;59.10729713;35.5349997;37.09837201;37.32449816;40.13031565;33.42254233;25.62300175;35.49468064;32.077242;32.84761444;31.42479406;45.18650054;38.95233129;27.50917549;39.60841966;24.50379809;28.94518786;34.56802584;50.664206;37.32559752;46.16995763;69.26234936;15.54851835;30.51733745;32.96454686;30.19514174;27.0034902;34.74541002;58.62862151;24.34077372;47.57686954;15.80722652;51.45433686;38.80206143;44.92568245;0;34.83508055;40.77147669;14.79798113;23.64998029;34.63178673;50.89099021;21.5300317;43.97759964;31.30270454;40.90584411;4.767300115;0;42.23160076;198.6439964;182.9849058;221.1112845;55.28899647;88.3947275;114.6965117;140.849068;187.5519276;127.3894375;49.90096178;100.6178845;150.3859984;52.03557874;97.1793984;80.54637974;73.07322278;27.7241442;20.86697171;33.20138321;27.85883926;27.09992294;0;0;0;0;0;0;0;0;0;0;0;0;0
16;Southern California Bight _s202200;3.520039523;43.93273165;0;37.74373076;0;6.61241915;0;0;0;8.122523335;0;121.9992314;46.37517295;89.10713743;30.77165851;18.99770553;0;41.19088745;45.26372992;161.4434377;113.7931977;59.29417131;63.77441525;39.29013369;52.32588404;39.71696783;39.20940117;19.53203928;1.293326436;55.63694597;17.71724579;49.15105553;22.79787651;0;0;42.78085361;32.62378338;33.64051617;32.33560361;0;82.63340969;54.50737971;122.0074031;32.43819443;35.79438911;31.59207508;32.2992995;33.52387575;0;0;489.8981882;20.33713291;0;108.2146409;169.5311705;40.23018148;441.9918903;280.5521188;42.38935183;187.5765744;167.0159836;16.52704885;251.579992;35.81307504;42.60467543;10.60597461;56.00776299;67.72105782;30.1392293;258.9684078;251.2674763;15.67898725;36.43633078;44.8595619;55.80159433;239.8466575;10.5469643;0;32.54320761;645.3769663;32.39026234;40.85410961;294.5062495;0;35.70241455;23.93589757;287.5873985;33.07509173;34.04762973;53.46712332;51.08724791;71.85493862;40.29623746;69.42467968;18.14836623;104.1517497;46.24984547;47.68662931;163.5720704;23.3684096;114.0861043;115.0130348;46.13352064;111.3870976;144.9644177;44.24637122;28.40230126;65.09422193;74.5866528;58.29907094;251.8520108;31.54776755;63.16991803;128.9493964;350.8124293;582.6087966;295.7729019;678.1790516;766.4081394;268.9876465;611.6825231;316.6238373;88.20185009;121.2252158;74.12314502;275.428757;1364.994496
17;High seas _s205045;0;1134.70679;8.464082229;1297.029841;8.187946308;56.46235575;18.65432257;214.1376832;0;504.2244164;9.795474425;223.0637758;1262.879461;496.8660541;10.95001482;243.5427075;128.0401072;1312.672144;991.8256644;248.2836245;85.43884342;94.83266501;687.7528245;1257.016998;1094.324101;1258.992317;1075.805495;0;12.58253176;582.6206025;9.545428089;1031.237989;438.0310501;114.495602;208.2469927;0;1321.494768;1311.209026;1293.670748;62.74150111;42.16509714;1495.35237;32.24935263;1489.577863;1428.790734;1314.829064;1302.984606;1307.778834;96.55008738;87.44126389;30.1580463;1538.215778;51.80474583;34.67248191;37.93348927;1487.382017;0;44.78880833;1372.074297;91.27664788;379.4744124;0;298.2398106;1351.019648;1472.349852;1478.260212;1465.116885;46.1188976;1296.134373;190.7476678;31.72910099;52.55364246;1432.226047;1386.443921;0;0;1288.010129;53.9384693;1306.018832;148.1850672;1304.164971;1400.187301;0;0;1352.788052;1275.563103;120.4067023;1300.588048;1496.929115;1494.300685;1615.823896;25.67856741;1396.391806;1203.612371;1245.548396;1247.214387;1323.182833;1365.012235;348.5709618;1307.968675;1186.284439;1166.61555;1437.632675;1033.485724;1119.16916;1330.750992;1387.128228;1221.865071;1418.896446;1493.832769;22.42260714;1269.774867;43.45978925;33.26483432;0;33.19906671;0;0;0;24.92267039;0;7.238770857;0;528.7945254;1056.401924;0;0
18;Hawaii _s205045;0;11.08369739;0;27.51517347;0;0;0;0;0;0;0;72.74022553;63.42251873;21.05463276;0;0;0;161.2389711;0;0;0;0;11.69847285;39.18177701;5.921641161;32.87355794;93.82081625;0;0;0;0;0;0;0;0;0;157.5418003;164.9319751;179.1830209;577.846298;526.0880631;33.44885343;81.81486012;180.5132707;213.4963823;152.3575282;159.0469886;160.0283598;632.5918574;370.9778869;32.08544024;46.87040508;597.1980529;480.8525781;284.8571138;74.50688555;0;473.6001769;127.8768796;510.4141142;255.0700946;0;537.5890106;153.919473;80.78625642;212.3313847;20.66093878;483.1340277;141.3351183;567.3419262;486.1978411;539.1829506;209.6483193;41.68781964;0;112.5175809;220.5534936;466.7059092;188.0485178;0;149.3597821;157.1579784;0;0;117.1270396;212.5700559;489.5390958;188.4117267;42.49355338;84.35462983;0;0;165.8894334;278.6084393;157.1635171;252.6158614;179.7887915;293.6633535;115.1866678;358.8201949;274.1292838;174.1447364;188.9047034;123.2827374;205.869188;163.9133137;321.2854143;251.7017754;122.7664072;11.80064966;358.2789308;140.5193689;504.3146377;0;0;0;0;0;0;0;0;0;0;0;0;0;0
19;Clipperton _s205045;0;0;0;10.1180797;0;0;0;0;0;0;0;0;12.24552273;2.502500884;0;0;0;0.940665702;0;0;0;0;0;12.75960155;0;12.57794535;0;0;0;0;0;0;0;0;0;0;9.761631954;9.618602053;11.0245005;9.17216346;6.956816832;23.71599157;10.4850112;18.80004434;18.8577618;8.119504042;9.864101379;9.315785706;9.708947334;9.126450674;0;33.16507749;7.137186345;6.843253009;9.152852639;24.57528668;7.130618022;4.838297196;0;4.410683656;8.211134899;8.957408155;6.746522277;9.579885214;24.9971853;22.48330401;16.27735515;7.629334362;8.183937957;10.19649376;4.995645687;8.323412986;18.21523029;13.53951023;9.236998608;9.832841691;11.38808999;11.05198035;10.49414742;7.536894313;8.385869619;10.32714767;11.23061068;14.56701685;9.228385011;16.4557833;3.337154914;8.747314293;33.84703904;21.52834485;71.47156565;15.09178962;10.92342406;17.24570384;84.33652542;0;0;7.634315071;0;9.965475619;14.85812011;0;0;0;1.036034903;0;0;0;27.18370317;64.72752879;3.379483851;10.21020355;6.198591736;11.68764449;3.515741734;0;0;0;0;0;0;0;0;0;0;0;0
20;Mexican Tropical Pacific _s205045;0;0;0;7.50413822;0;0;0;0;0;0;0;29.91785479;16.77766461;19.50916064;0;0;0;16.37411886;0;0;0;0;2.877535253;15.63466557;0;11.98275885;9.061736977;0;0;0;0;0;0;0;0;0;22.21115225;21.04464412;25.1382316;168.7092619;136.5063205;25.24592033;181.2636027;30.94897115;37.85695681;15.85445124;22.12519803;20.02229244;182.3124555;177.5957969;53.85365411;30.34535005;150.8432305;130.0218072;173.3957083;23.51918302;127.2868531;91.58205406;10.0176286;98.44400882;26.75180251;181.545216;37.51936905;19.9531965;30.86337017;43.05200825;7.249637518;148.6434358;17.26800372;56.27788544;100.9255446;156.5963048;36.52144868;16.73533557;186.2583829;183.3389343;24.77326611;207.5850222;20.87685257;102.5990129;17.27279177;19.70795165;209.0214835;272.14615;16.14300458;33.86647481;50.54174942;17.30180604;38.12278789;34.08110023;33.92749657;234.0353643;22.25567096;83.48636134;141.5839454;82.43000368;16.969555;32.48811443;49.06228483;56.21348193;78.00209833;45.88853403;14.95058791;32.53005479;59.60721201;16.11688526;34.19090018;29.94087172;47.88510432;68.10076551;50.58497256;21.55926086;132.8866633;223.7349088;70.13904759;0;0;0;0;0;0;20.84766007;0;0;0;0;0
21;Revillagigedos _s205045;0;0;0;7.820979611;0;0;0;0;0;0;0;16.01347319;23.97415655;17.94428929;0;0;0;45.2850007;0;0;0;0;6.477739177;16.241463;0;13.94366375;29.04654069;0;0;0;0;0;0;0;0;0;36.49622177;38.03528285;41.18846677;28.10194762;31.22083651;12.96038281;0;43.22853158;49.01250152;34.58902231;36.66809865;36.73821381;28.04807008;6.28985114;0;18.21326095;31.35550405;26.09560481;10.78002644;22.29606761;20.43400986;25.02090836;26.95831466;24.19750061;21.46518141;47.05793298;43.09069067;34.92976191;22.62033051;50.57040695;8.436197908;28.03137457;32.52050387;29.18112578;26.66594657;31.74510999;48.24130279;12.07525868;47.57686954;0;50.33596863;16.21757986;42.56682099;0;34.32607481;35.37672742;0;0;26.53093999;48.7026589;21.5300317;41.85052597;16.50122334;23.4859837;0;0;37.69628531;164.6854251;99.76597281;167.4022562;50.03416034;82.26582842;33.93747009;122.3766713;159.1698859;105.5786322;42.92304789;76.56831598;124.8572937;46.35806781;88.34201623;77.17432611;47.95207025;21.85221362;20.86697171;32.27663396;27.16236828;0;0;0;0;0;0;0;0;0;0;0;0;0;0
22;Northern California _s205045;40.14080158;29.81778871;9.340911043;28.88050973;31.50477042;80.82558942;0;29.28692477;29.29001372;55.67215054;5.176203877;65.60055992;31.26553632;49.06712328;14.14457099;60.35354001;0;27.00854302;47.79453469;162.6050454;128.6706932;27.45425387;44.73976044;28.76990362;38.49367651;29.01348949;26.24083099;20.55578755;10.25892834;75.32366354;2.630813108;52.46960811;43.40912355;0;0;58.16135545;16.47296365;16.16683954;13.43318277;0;0;24.78484591;0;0.376971308;6.140558685;17.64093684;16.79421279;17.55103571;0;0;56.91480919;0;0;0;0;0.997158344;65.66554209;22.4635227;26.44812861;9.924038226;78.19325037;0;43.70005397;23.21160207;1.626269071;0;34.97360343;0;18.45864101;45.23637839;18.36237334;0;4.936838117;31.69574779;0;0;0;0;14.45447562;153.0475797;18.53576227;26.37760884;0;0;23.5289138;0.833204218;77.93871476;9.51057019;0.263935114;29.79077415;0;0;23.64123802;3.443942365;0;8.366894772;31.05012135;6.673323492;84.1667931;0;9.327260708;73.55833661;23.9326151;72.08413331;57.85701712;30.01537246;0;37.62783645;33.51868015;0;95.91297024;20.66791799;19.77977588;0;184.1076755;237.2688544;0;278.7821256;263.197398;141.8704715;425.4014619;161.5693655;139.4634131;117.0068972;106.7620049;274.804202;1041.673219
23;Southern California Bight _s205045;0;40.60107205;0;34.1188151;1.364657718;0;0;0;0;1.255939302;0;122.686639;42.60962477;83.53309153;19.35978015;14.82441159;0;37.42355632;34.26414804;134.4260456;56.0767139;60.05435299;58.14197943;35.71917896;47.50853267;35.65191814;36.08432647;10.31830489;0;39.17669911;8.451196089;30.75666558;8.151340637;0;0;5.323076395;30.9023268;33.60889914;34.25107951;16.10007416;183.8466107;53.75708588;342.8280935;44.9454306;40.69446065;30.42055591;32.5923597;33.10631858;0;25.77605663;503.616698;41.43668139;35.68593172;214.1481975;329.4009966;52.68238051;519.1515629;333.773388;38.78877649;278.9144817;167.2596931;303.6687525;255.062068;33.41378224;61.19060767;34.11847059;50.1207334;216.8788307;28.79656374;290.1775655;307.6372621;107.1397462;44.59003845;41.3048986;228.2677464;507.9471765;21.27484111;0;34.33453897;664.2192021;31.42156078;37.62945824;566.6834025;238.5563229;32.93158706;32.89050245;293.8849327;35.65811037;50.59636139;50.69687965;77.52869232;302.2862935;36.69336031;127.1659473;80.33320934;130.748821;42.44470905;53.8773948;164.3423156;70.59404169;145.3306083;106.1453631;44.72772272;103.6097312;144.2100234;40.48204251;29.73358814;61.22397724;76.05097447;95.59775572;253.1930758;29.89415189;267.9323866;330.5933727;338.741716;583.7696031;423.9494236;678.1790516;766.4081394;267.0231084;557.6720379;316.6238373;14.32127601;96.00532949;49.96905999;37.47330027;503.5382922
24;Cortezian _s205045;0;6.764963048;0;18.41015243;0;0;0;0;0;0;0;177.3980371;20.25355523;53.30262219;0;0;0;11.95322347;0;0;0;0.745562805;34.254495;9.520940652;4.724073487;8.979660181;22.0499001;0;0;0;0;0;0;0;0;0;19.57024323;21.79467025;24.41945022;895.2616994;770.594723;32.39676544;990.356967;45.66951411;36.19806307;19.36738614;21.78640011;21.84079653;947.9168914;1025.122405;850.0941022;48.76434219;763.037394;836.5192478;859.9613546;48.32042676;848.5435447;658.6304854;25.00329844;631.2790983;182.9883282;1114.12495;454.4544457;22.2349447;46.54971826;47.49418242;26.06911908;781.9639107;18.30661273;410.5637929;640.657805;819.0819082;37.51351247;25.09698258;1165.886372;813.7609997;21.88806403;988.3113295;23.42145115;462.3033722;20.38249873;24.03634275;819.9667045;1088.5846;21.79848046;30.34174011;434.0992642;25.17137606;41.43781293;28.53493036;41.80555485;993.3551076;23.52845931;111.9606169;133.3771474;78.15001521;13.2320886;21.24492541;181.8245475;85.34515314;104.7345855;40.92963869;26.05590503;60.91313744;86.60447104;12.64536525;22.9499318;21.18753106;37.20627069;16.04842923;504.723231;19.63839419;660.6723731;1011.944516;110.1599077;54.20966488;1210.859055;479.3879916;571.5953632;58.85910409;15.7071309;293.097832;0;0;0;0;0
25;Oregon Washington Vancouver Coast and Shelf _s205045;134.5334404;36.68665437;65.02848799;33.79572026;46.49247674;158.8264561;0;70.88254275;127.4404543;66.10701072;30.20544288;187.7560203;35.07103727;93.93754611;59.73435149;97.15897568;26.54559917;27.93286961;48.33919009;195.7509193;158.8697886;64.86396403;64.76425234;30.76848246;42.65808269;30.52244779;31.84049462;103.0214044;87.11320771;85.73099891;51.63843781;55.61467067;71.80942942;23.53320231;7.834161758;128.6614548;4.989875117;5.973861502;0.09558263;0;0;0;0;0;0;14.91171905;12.72863777;12.63408698;0;0;0;0;0;0;0;0;0;0;26.62794828;0;124.0668739;0;0;22.68092275;0;0;27.03033862;0;18.93128337;0;0;0;0;32.47363143;0;0;0;0;2.204080521;0;16.31045278;18.34844335;0;0;27.16051183;0;13.72539521;0;0;3.750483727;0;0;17.06785009;0;0;0;28.52290695;0;239.009418;0;0;71.27474447;10.04245607;88.47830517;52.224206;31.25856869;0;35.95210284;2.718816757;0;67.80424742;21.07638687;0;0;204.205999;318.8735533;0;110.2843661;14.67767492;402.42216;292.3730857;86.79286257;142.1678601;153.0683766;105.3288942;380.6038198;0
26;Magdalena Transition _s205045;0;10.75617831;0;10.21813488;0;0;0;0;0;0;0;50.72755848;13.29428283;27.26238689;2.020652998;0;0;11.50739928;1.24902177;0;0;11.79743497;18.43462082;10.03382896;11.48822457;9.905780249;12.42976419;0;0;0.327893364;0;0.707305442;0;0;0;0;11.05020764;11.93718399;12.9361531;182.857812;141.1724782;18.26273865;195.2436176;22.94299634;18.73990078;10.47876841;11.49880133;11.54843834;90.18533302;214.9649125;220.1764132;22.66068513;176.5050241;153.3801108;161.3953015;24.84545274;228.9247667;158.696148;13.57011263;151.8622887;51.08525708;199.3338716;117.7376952;11.65593035;24.82294219;24.15195717;13.78100109;133.2990442;9.919468666;102.8099509;152.8397545;126.8836561;19.47438817;13.28904615;179.8051373;165.5402462;14.31088428;141.9939214;13.3854553;131.2878364;10.87999776;13.14453678;174.933277;222.6182927;11.67553432;15.52896063;124.282108;13.28868688;23.02042066;16.75500192;14.08692925;201.8245298;12.77420332;59.07985658;60.51679474;55.04451349;12.90154665;20.43653764;56.64803296;41.79350178;55.56330469;31.52023896;15.47837017;32.38656094;46.02811376;12.26570652;20.22374707;18.72539667;23.86665744;22.27244849;101.2235877;10.37571697;154.1986753;208.1941947;31.11431434;85.20319918;299.7396802;197.2554549;200.6504879;51.34763466;54.2860489;67.32056897;0;1.517565824;0.99653396;0;0
27;Gulf of Alaska _s205045;644.1363552;106.8706049;423.0072723;67.89577502;482.9006035;330.3320654;557.3348994;336.5530412;658.7971933;210.4285218;593.4288419;237.3899757;64.94571792;173.7847836;408.2488829;270.4177149;295.978846;39.33523178;102.1536002;296.5303981;318.6448668;303.2540162;165.1845389;65.01882637;103.6949175;65.65326904;90.65459637;529.3856163;455.6016379;186.1581784;432.1750771;142.5687554;231.3169332;280.7616716;268.5539956;553.7961875;0;0;0;0;0;0;0;0;0;0;0;0;0;0;0;0;0;0;0;0;0;0;22.82873493;0;173.8211022;0;0;10.20218018;0;0;0;0;10.44178363;0;0;0;0;19.05212832;0;0;0;0;0;0;0.159064295;0.491862625;0;0;48.66376933;0;0;0;0;0;0;0;0;0;0;0;26.29239949;0;128.2574953;0;0;0;0;47.27404742;0;35.35540896;0;0;0;0;0;12.38161805;0;0;143.7352412;0;0;0;0;237.6320767;0;261.3920156;539.1683826;221.4745853;54.7808954;13.1156551;0
28;Eastern Bering Sea _s205045;152.535046;32.99585316;594.2573081;7.562503739;398.4800536;180.9748503;533.9923211;247.7163859;199.5857425;111.0919395;281.087527;76.97403161;11.111863;201.4351552;714.6568546;268.1969862;798.33941;5.289202185;18.14152932;76.86638307;165.6509203;720.2575262;221.0709161;10.66229773;37.31717159;10.89364165;118.4334735;356.4529817;574.0615711;74.67443468;639.7532158;29.09738929;170.2983261;853.7938589;746.852298;186.1359617;0;0;0;0;0;0;0;0;0;0;0;0;0;0;0;0;0;0;0;0;0;0;0;0;0;0;0;0;0;0;0;0;0;0;0;0;0;0;0;0;0;0;0;0;0;0;0;0;0;0;0;0;0;0;0;0;0;0;0;0;0;0;0;0;0;0;0;0;0;0;0;0;0;0;0;0;0;0;0;0;0;0;0;0;0;0;9.15824088;0;0;0;0
29;Aleutian Islands _s205045;141.666152;117.7397208;179.714118;71.21844067;263.355411;411.9280338;305.0820691;224.819908;149.33953;169.8511184;354.9958558;84.58238424;77.10134693;182.2234494;90.46752137;186.633392;174.0478944;45.72615658;164.8913494;164.9883439;275.3617742;103.4870411;155.7635673;119.2284715;158.7078064;121.6501928;105.0083877;119.1050285;98.22704674;219.08523;29.35801176;198.9974946;214.6325621;168.1605825;276.6555348;239.8573317;0;0;0;0;0;0;0;0;0;0;0;0;0;0;0;0;0;0;0;0;0;0;0;0;0;0;0;0;0;0;0;0;0;0;0;0;0;0;0;0;0;0;0;0;0;0;0;0;33.30150498;0;0;0;0;0;0;0;0;0;0;0;11.07185383;0;3.594477575;0;0;0;0;0;0;14.66028608;0;0;0;0;0;0;0;0;0;0;0;0;0;1.96453816;0;7.238770857;71.17612711;28.07496775;0;0;0
30;North American Pacific Fijordland _s205045;428.9507812;63.55225386;255.7834913;46.31095523;179.0289754;206.1084629;192.8353583;157.1168486;407.1403153;110.7398069;199.3493708;237.4212215;41.86051041;121.3615933;226.5440676;176.3174787;148.4421653;27.01554549;57.1151037;238.1696268;196.4649294;164.5939533;91.16136797;33.97102446;53.48132622;34.0071289;46.08064691;303.3797163;271.445106;110.6705682;306.8738723;70.58374496;125.4271367;123.9295035;134.3304733;335.525525;0;0;0;0;0;0;0;0;0;10.63291566;2.324153717;0.770350373;0;0;0;0;0;0;0;0;0;0;28.48260004;0;194.3301926;0;0;22.40607581;0;0;6.679243503;0;19.19319347;0;0;0;0;35.16852861;0;0;0;0;0;0;14.11218423;12.63890201;0;0;35.6455041;0;0;0;0;0;0;0;8.01534435;0;0;0;25.32940327;0;225.7752051;0;0;25.71124727;0;81.50450427;0;29.41486649;0;20.10056872;0;0;59.11414609;21.75666218;0;0;319.9910935;72.78256933;0;0;0;420.2570849;277.423755;94.53834739;624.2969974;201.9905834;110.643742;577.3386462;0
31;Kamchatka Shelf and Coast _s205045;0;29.73195613;103.8594783;5.444669175;114.984177;168.8413822;155.2059378;91.82725856;0;60.25574211;184.3449317;9.842427424;20.72050319;105.4348241;85.09835769;103.0501918;109.6324076;12.50875309;46.20152004;23.73284626;124.3833782;94.73033286;75.74005652;35.97201123;52.98183819;36.52370583;39.35047037;69.4532376;94.98277026;90.35429534;59.97322624;37.68292075;84.15935742;96.32374263;126.0551386;63.92597735;0;0;0;0;0;0;0;0;0;0;0;0;0;0;0;0;0;0;0;0;0;0;0;0;0;0;0;0;0;0;0;0;0;0;0;0;0;0;0;0;0;0;0;0;0;0;0;0;1.705535021;0;0;0;0;0;0;0;0;0;0;0;2.883783274;0;0;0;0;0;0;0;0;3.327597095;0;0;0;0;0;0;0;0;0;0;0;0;0;0;0;0;0;0;0;0;0
32;Puget Trough Georgia Basin _s205045;0;3.787927556;12.72296504;2.676475965;0;0;0;0;0;0;0;13.73252969;0.294651648;3.679387605;25.6334266;0;8.275441538;0;0;0;0;10.80335123;3.411872089;0;0.355057753;0;1.608580769;21.2023654;20.53977746;0;47.49432513;0;0;6.044398621;0;27.25316993;0;0;0;0;0;0;0;0;0;0;0;0;0;0;0;0;0;0;0;0;0;0;0;0;0.937344167;0;0;1.026786687;0;0;0;0;0.581018954;0;0;0;0;2.044653892;0;0;0;0;0;0;0;0;0;0;2.169710872;0;0;0;0;0;0;0;0;0;0;0;0;0;2.777550854;0;0;0;0;0;0;0;0;0;0;0;10.94309056;1.275516208;0;0;0;31.10961496;0;0;0;0;0;0;0;0;0;111.7953458;0
33;High seas _s205085;0;1166.51454;8.356715435;1315.162757;10.72903309;76.49220794;17.61797132;689.5176734;0;1083.517616;9.435105801;185.6469287;1227.93827;477.9259376;7.89016885;557.0090388;127.5357867;1234.799963;1215.568463;265.7678227;124.161326;94.67185734;688.8521569;1241.245081;1124.76579;1245.466025;1006.042856;0;12.71405649;857.8215027;4.749432513;1116.830845;770.9227447;115.6812836;132.2315596;1.471818358;1411.037355;1392.519236;1386.842783;47.12930799;26.8940358;1520.191706;28.59548509;1299.576859;1321.003893;1383.938959;1384.933047;1385.821122;77.3479471;66.96841508;13.0382531;1462.028679;44.34678706;26.18684818;32.44177769;1450.757325;0;33.52248771;1320.675143;76.45185004;287.6146841;0;259.6322928;1343.092301;1440.298054;1272.739656;1486.027811;34.11769748;1372.592553;188.4379648;26.59843785;39.10068426;1320.72747;1402.182216;0;0;1394.189325;41.4449263;1396.833966;143.4441176;1375.419413;1343.343721;0;0;1284.925898;1349.67615;116.3698214;1384.363417;1471.522721;1444.930681;1479.317252;11.71303075;1361.307556;905.1200376;1119.594064;934.7269577;1240.042424;1231.36429;283.2635055;1048.850541;905.7873894;989.312122;1345.319423;925.133521;919.9688184;1243.367449;1261.251192;1155.671535;1323.10838;1485.723372;19.36497889;1360.201374;37.05225622;22.4762394;0;33.19906671;0;0;0;24.92267039;0;7.238770857;0;929.6376747;1350.047264;0;0
34;Hawaii _s205085;0;5.122850148;0;12.9112867;0;0;0;0;0;0;0;51.0868852;33.35556538;10.97349871;0;0;0;142.0802017;0;0;0;0;5.492281899;18.38451742;2.626825576;14.84508728;58.89443282;0;0;0;0;0;0;0;0;0;157.0954967;164.5279798;177.7970727;462.7063737;481.2929499;15.95317496;0;98.70676447;176.5263296;151.7652782;158.5320157;159.5630818;473.0414896;187.4622301;5.668805696;20.66993336;572.2579973;411.2338841;177.8704363;35.71104021;0;436.7599997;89.94956476;495.1604999;208.0716581;0;498.6768111;144.4847899;40.0893197;139.8452428;9.316435587;451.8451845;140.9136538;567.3419262;473.8437443;505.2118115;170.7494396;20.73794425;0;27.38259711;219.5619991;341.8906094;180.1918376;0;148.9621214;137.7628514;0;0;89.31917141;203.2456581;489.3776206;186.4473471;19.75818265;44.27559691;0;0;148.2415785;186.7396523;71.75944074;151.1350819;158.3530162;265.3079153;89.60519099;280.0582476;183.5614611;115.2797317;162.9436533;73.63386684;133.0550456;139.4364922;288.8256414;232.614058;65.42124918;3.066578834;357.4742918;137.1301402;481.6793308;0;0;0;0;0;0;0;0;0;0;0;0;0;0
35;Clipperton _s205085;0;0;0;8.740236543;0;0;0;0;0;0;0;0;10.84967297;1.707132386;0;0;0;0;0;0;0;0;0;11.7675359;0;11.54809984;0;0;0;0;0;0;0;0;0;0;9.520024013;9.056521583;10.42615324;8.684282425;6.532620684;22.77707639;10.00841978;17.60194741;17.81763837;7.522386239;9.239019221;8.686893477;9.493192949;8.509798601;0;31.14407113;6.73622082;6.387036142;8.644360826;22.95920247;6.811336618;4.56182307;0;4.22690517;7.592487749;8.452765442;2.176297509;8.917832519;23.19220535;20.98492158;12.6014826;7.200720072;7.630013151;9.689485781;4.725610785;8.033061371;16.98835851;12.54487883;8.604327471;9.210509939;11.0497601;10.57145946;9.811047561;7.050643067;7.789378514;9.50278591;10.56998652;13.88151017;8.481435367;15.49385371;3.121854597;6.493700829;31.666935;20.41172356;65.3765029;14.41603784;10.28904379;0;80.18308499;0;0;0;0;0;0;0;0;0;0;0;0;0;25.3399079;67.57831134;3.164913448;9.617999599;5.920003343;11.17390188;0;0;0;0;0;0;0;0;0;0;0;0;0
36;Mexican Tropical Pacific _s205085;0;0;0;6.718288189;0;0;0;0;0;0;0;24.93414947;13.77871012;18.68146009;0;0;0;13.23234209;0;0;0;0;4.340391835;12.13594863;0;10.41946818;6.971169765;0;0;0;0;0;0;0;0;0;20.33030155;18.45556095;21.86548236;155.6340502;125.7317384;20.50942855;142.8185616;24.96595128;33.89093378;14.43954166;18.99639926;17.29027552;171.416859;153.4230357;41.83578604;24.89952452;138.3331061;104.6561493;158.7511441;21.3627667;92.48518002;74.0259471;7.692518393;90.9703504;19.15931476;143.5708518;37.562895;15.78209166;25.52885019;34.47793102;8.038330478;138.4424157;14.99510574;52.50349272;87.28878208;144.8854563;30.81561438;13.84295709;160.4454005;171.3901647;22.87485953;188.484317;17.94014229;91.77992269;15.18427758;15.50547738;197.2623735;256.8936265;12.94712717;31.69218628;46.02044277;16.20311927;37.64242599;31.50690458;23.83650057;191.237752;17.95396856;68.37200296;114.5782423;66.43636252;13.42208515;26.22310925;37.90539989;45.67246856;63.02268744;37.29589353;12.02954413;26.4817892;48.96522242;12.72973385;28.37049577;26.27237382;39.13042508;72.54162597;48.22469813;20.23211662;125.2951296;213.2031852;59.3574396;0;0;0;0;0;0;16.21484672;0;0;0;0;0
37;Revillagigedos _s205085;0;0;0;4.948562259;0;0;0;0;0;0;0;1.593535869;10.74479696;10.87650255;0;0;0;24.12352365;0;0;0;0;3.149083481;7.965420252;0;7.322522672;11.87332456;0;0;0;0;0;0;0;0;0;33.29659439;34.84371967;36.13023401;5.171538972;16.54364978;8.844245707;0;19.06504397;23.91105265;31.9036148;33.34957305;33.54603184;0;0;0;12.3075657;18.76518657;5.200872287;0;12.81569517;0;13.06340243;9.258622301;15.06983582;12.63539936;36.58659669;25.11447325;19.74403625;12.74655401;23.47465804;5.499725014;12.00120012;29.6154091;25.57573572;16.60714647;13.35617433;23.4103572;6.695097551;37.32759712;0;45.44898138;0;33.71335149;0;31.50904615;17.98839991;0;0;12.55408938;38.69250598;19.80762917;37.81129542;11.29114419;11.47875323;0;0;19.64967709;85.0328864;48.95721956;78.55226976;26.14144332;45.72340188;3.641159102;62.49709275;82.28366274;54.1561377;21.32532207;34.68246247;62.9667815;23.757207;50.03912075;52.08361211;22.49608807;14.59464371;18.56033988;26.65980722;16.08847967;0;0;0;0;0;0;0;0;0;0;0;0;0;0
38;Cortezian _s205085;0;7.526162563;0;19.56912489;0;0;0;0;0;0;0;172.3674631;19.83904529;53.39961835;0;0;0;11.78749825;0;0;0;0;34.88956747;9.318674841;4.817351371;9.043871172;21.46798963;0;0;0;0;0;0;0;0;0;18.97796821;21.64712412;24.2187267;891.4562273;768.7282599;36.00991226;1011.485853;44.47514957;35.35535684;19.39659299;21.80842197;21.8714742;947.701137;1075.441215;862.6788508;53.44170123;760.1504423;840.1689827;872.1651581;49.61722382;858.9734039;659.2525522;24.65202279;632.5655477;182.0884778;1111.475575;465.6841409;22.07937096;47.20648077;47.04391093;28.59011979;777.8492135;18.29306566;416.5352202;639.7126829;823.9211018;37.06737727;25.66534338;1161.837277;816.6237258;22.09247167;992.1554966;23.29969015;531.9588631;20.38249873;24.11504077;764.3421505;1011.122346;21.51214976;30.33003781;434.4760398;24.76765386;45.16457674;27.65697621;44.1323008;1094.943124;23.29081844;110.661016;126.638232;76.10656206;13.04209204;21.05520175;175.2891337;84.3202229;103.2427089;40.0962109;25.64243506;59.80823482;85.29685418;12.38233371;23.16348294;21.1792965;36.0455279;20.83002067;504.1331624;19.66572668;661.5777854;1012.586694;111.6248;54.67398749;950.7871576;335.1807128;311.5670086;27.34945282;7.85356545;324.0797713;0;0;0;0;0
39;Magdalena Transition _s205085;0;5.450369227;0;3.939672565;0;0;0;0;0;0;0;34.08916927;4.836781715;11.18042385;4.118283253;0;0;4.502590915;0.716651835;1.021413636;0;10.56944918;7.782922595;2.405518389;3.481371353;2.235036431;6.02874912;0;0;0;2.42127932;0.471536961;0;0;0;0;10.11733253;11.06771577;11.51388357;141.0951953;134.2156613;7.624494285;149.1731139;9.995338246;8.895559822;9.828104712;10.57557701;10.68605495;24.38024553;119.6305021;162.6947235;8.380520403;161.5089135;138.6899276;139.7335503;9.578614638;177.3076063;149.3651463;6.613600347;142.1832884;40.88695254;190.8811062;110.5559134;6.959331987;10.03908407;10.91246193;6.277855121;126.2697698;9.114170375;103.8239668;147.5740739;120.6894883;9.841390134;5.423510678;171.0742756;141.3937742;12.98340938;110.1594128;10.59733471;103.5715154;10.10853593;6.947067712;155.9073012;168.9773954;5.845770193;11.9035861;121.8599794;12.23017147;9.295794722;6.736664331;11.63372972;174.7944588;6.694222266;26.84975444;18.33185155;15.8649197;5.033607267;8.789154736;33.4239733;20.32515518;25.85919354;10.55953008;7.661355442;14.55745063;20.85145975;4.441758986;9.182698905;11.22370961;8.732357268;3.861617791;101.2772303;8.606697462;144.6570229;150.7834575;30.00099613;85.78360245;262.7990579;174.9193807;186.8067717;26.15532178;11.16032985;55.01465851;0;0.681618548;0;0;0
40;Southern California Bight _s205085;1.698264682;38.93185412;0;33.85408578;3.035186993;3.563002552;0;0;0;6.132974628;0;121.1399718;40.59950124;82.86058484;22.59282495;26.81634657;0;36.33583866;38.66643788;144.0193227;83.81615447;60.01049635;58.3478305;34.38518779;46.53964626;34.38498589;34.57762901;22.60328408;0;47.24943373;15.03986962;39.78259477;15.78513584;0;0;25.41339698;30.64897403;33.90926089;33.63361572;0;128.4465937;51.52716231;215.2604572;37.06262464;35.96234105;30.91544974;32.8532341;33.6431778;0;0;485.2497676;33.14087383;4.49081388;151.2815132;266.0429167;47.04819026;487.649131;315.5260957;36.78985081;236.1553541;165.2162828;215.3562778;245.0946254;32.54948369;52.54100075;19.82329682;51.80726879;159.7874073;29.30081594;270.3479201;288.1947492;68.42619746;38.76973525;40.41864108;145.6408959;398.7901871;16.79197012;0;32.87547069;655.8313681;31.96397003;36.53752322;497.9784901;87.91623108;31.4181248;28.79235474;287.3182731;35.18810542;46.76930223;48.41817666;65.09830502;215.3395653;35.30175153;108.3217344;49.0239415;117.0882563;41.16938973;48.77135371;162.2649877;52.08222463;127.8889947;100.1363488;42.9011583;99.80714427;135.4188146;38.9634076;15.71645498;60.0011446;71.30978662;89.22608636;251.0473718;30.27376981;248.7794346;226.1751862;346.9451134;580.7515061;380.0669394;678.1790516;766.4081394;268.9876465;568.3501312;316.6238373;48.12686315;106.9626692;59.06124603;152.6412431;1031.294229
41;Northern California _s205085;49.8054715;29.53092717;9.519855699;28.786708;34.21055727;88.27258574;0;30.85043311;36.62012099;58.98806506;6.912525431;64.88190649;30.72117989;48.49807915;13.18235527;63.00165423;0;26.91984501;48.59718475;169.174137;135.3322584;26.05084154;44.53828918;28.70970546;38.37632692;28.90235509;26.14482556;26.10558078;14.16082843;77.35004453;2.560968512;52.32280887;46.83139275;0;0;64.09768949;16.02666009;15.59422006;12.44103508;0;0;22.5968382;0;0.388168476;4.891231966;17.29045465;16.17251861;16.81306732;0;0;39.56826376;0;0;0;0;0.520683667;47.99863773;9.814831454;26.27876357;3.369272237;77.18091867;0;36.51827219;23.00762761;1.179491853;0;34.0687191;0;18.29156043;39.2649511;13.56925383;0;4.12675053;31.43083386;0;0;0;0;13.95504914;115.4846709;18.0665226;26.03133755;0;0;23.22835549;0.603839012;61.89884115;8.827657019;0.279771221;28.58891459;0;0;23.04914977;1.351584928;0;7.256672196;30.76642787;5.118414372;83.41988866;0;7.556415372;72.04983231;23.01082027;71.76844685;55.31219353;29.97070672;0;37.13787994;30.29538672;0;91.62156218;20.51151541;11.97930088;0;183.22874;231.1165798;0;274.3149107;254.190643;138.6732819;429.1215718;151.4350863;138.7258367;121.4567089;111.6592575;287.2953021;953.9235729
42;Oregon Washington Vancouver Coast and Shelf _s205085;141.8514173;36.58501051;60.9664443;34.12506855;58.56263897;170.5747348;0;77.61926998;130.5428233;74.04759893;34.98851735;191.1305668;35.27829224;94.24793382;55.38513646;110.5503888;18.30454313;28.2176369;52.15996816;217.3007442;174.0718219;64.67391861;64.95696399;30.90332633;42.9168536;30.72248973;32.00507536;101.701308;85.7760397;91.31174396;49.38012921;57.99014933;80.71121094;19.03534491;5.507977209;127.4840001;8.040175374;9.567663511;1.055232231;0;0;0;0;0;0;15.55426973;13.75519547;13.83733336;0;0;0;0;0;0;0;0;0;0;27.81977636;0;130.4595611;0;0;23.76993894;0;0;29.12178335;0;19.61164753;0;0;0;0;33.79097616;0;0;0;0;3.526941582;0;17.20280348;21.93707306;0;0;27.45039943;0;25.72838789;0;0;6.304790447;0;0;18.94481012;0;0;0;29.70192664;0;243.7709337;0;0;76.31698259;14.86302956;91.24056169;71.92898635;31.73500317;0;37.82134868;5.959967767;0;91.62156218;21.94039725;0;0;231.1014233;362.1716369;0;136.9480547;14.17729964;400.9969068;421.7502428;114.8069058;168.0445004;168.3211992;121.7574683;408.458973;16.98380248
43;North American Pacific Fijordland _s205085;447.0141419;64.40832097;261.0802531;49.72116915;205.6162724;229.5408221;129.1737813;178.3343914;423.3821297;126.8087873;202.363363;261.6523405;43.6858524;122.1052305;229.4884476;187.9071685;123.9138483;28.64478783;58.01194229;263.8651894;219.4217078;167.1230193;91.80082025;34.04085432;53.80328537;34.20717084;46.47054651;307.4208279;277.100669;114.8020245;308.3406088;73.39517289;134.4065501;107.3428489;109.745109;337.8559041;1.45132548;0;0;0;0;0;0;0;0;15.68570055;6.579455565;5.119762214;0;0;0;0;0;0;0;0;0;0;33.72455264;0;232.348872;0;0;26.43889288;0;0;16.787893;0;21.89658736;0;0;0;0;41.30971521;0;0;0;0;0;0;17.60841743;18.39566217;0;0;39.56698973;0;61.79119099;0;0;0;0;0;14.52831511;0;0;0;26.95348338;0;270.2160188;0;0;50.43071548;0;90.45852023;7.272361506;31.66800457;0;32.13126552;0;0;132.7117944;25.59839552;0;0;439.5849081;309.2388592;0;0;0;464.9792183;402.8741294;156.5022259;685.3929131;209.0254012;125.3070274;669.8976979;0
44;Aleutian Islands _s205085;145.3714568;124.4843551;191.971827;80.39433413;290.5779796;520.2625708;320.6026629;340.8972859;152.9589605;288.7486619;414.7842866;96.03397044;85.39404289;183.4132689;91.62218023;273.8451792;173.5664975;52.98305401;202.6281875;252.9100275;384.9018188;108.8814073;156.8672795;119.6354111;159.6586391;122.4207247;105.0691259;128.4265259;104.6279166;268.9184634;29.35801176;225.5637091;296.4500265;166.6913684;207.8191886;279.6945486;0;0;0;0;0;0;0;0;0;0;0;0;0;0;0;0;0;0;0;0;0;0;1.570285761;0;7.723715932;0;0;0;0;0;0;0;0;0;0;0;0;0;0;0;0;0;0;0;0;0;0;0;51.89877267;0;0;0;0;0;0;0;0;0;0;0;30.03507128;0;29.33933969;0;0;0;0;3.7164906;0;38.0998701;0;0;0;0;0;0;0;0;0;0;0;0;0;37.09510291;0;126.2441637;99.57282031;105.0078386;0;0;0
45;Eastern Bering Sea _s205085;335.8858766;56.47784175;659.2679016;18.79369727;569.4622543;186.945287;534.0169962;296.4894516;377.5157324;159.3047496;284.1998015;152.6669854;12.57513305;203.5044065;826.0814342;314.4635641;801.7091881;5.956771393;18.29714515;96.13304814;193.1341468;729.2188987;222.643268;10.75861478;38.1356098;11.03441191;119.587498;518.4476743;698.3524336;80.78636698;823.7937256;41.73102108;212.6464815;857.1575861;727.5209022;266.3500622;0;0;0;0;0;0;0;0;0;0;0;0;0;0;0;0;0;0;0;0;0;0;0;0;0.95609105;0;0;0;0;0;0;0;0;0;0;0;0;0;0;0;0;0;0;0;0;0;0;0;9.825944727;0;0;0;0;0;0;0;0;0;0;0;5.35113575;0;21.61354698;0;0;0;0;0;0;5.461626552;0;0;0;0;0;0;0;0;0;0;0;0;0;22.91961187;0;153.9686561;64.6608685;45.51411401;0;0;0
46;Gulf of Alaska _s205085;729.4509973;113.7055893;426.1388038;76.44632363;500.9940826;342.9791195;538.877977;417.5931415;713.7577901;272.0399741;587.7284655;266.0892443;71.2357815;174.9552039;415.4077678;315.0082712;290.7522514;43.80281033;110.7575174;374.4782779;363.7727006;305.0082816;166.0648808;65.11514342;104.5434454;65.89282543;91.14637928;548.9984778;461.2791218;205.7399701;437.1806065;148.5563851;261.4639549;270.8895834;245.1049858;576.7320236;0;0;0;0;0;0;0;0;0;3.055360933;0;0;0;0;0;0;0;0;0;0;0;0;46.59211399;0;266.8243904;0;0;19.41041701;0;0;0;0;18.55798622;0;0;0;0;34.85544851;0;0;0;0;0;0;7.204021909;8.652847294;0;0;58.22472478;0;0;0;0;0;0;0;0;0;0;0;32.5570803;0;164.2256118;0;0;3.067014262;0;65.42601888;0;43.69301242;0;4.224330911;0;0;0;22.54626745;0;0;318.8777752;0;0;0;0;307.3154008;0;395.8159904;797.7503918;279.926591;85.07552778;73.44766854;0
47;Puget Trough Georgia Basin _s205085;1.729142222;3.862466381;16.53448621;2.79737597;0;0;0;0;1.520769144;0;0;14.34182282;0.30463984;3.782850174;25.30627326;0.427385524;3.197850678;0;0;0;1.827660185;11.7097217;3.46880962;0;0.361075681;0;1.637970187;22.87269152;23.82789552;0;48.02980036;0;0;4.162773464;0;31.71768561;0;0;0;0;0;0;0;0;0;0;0;0;0;0;0;0;0;0;0;0;0;0;0;0;1.987169633;0;0;1.45029298;0;0;0;0;0.766162299;0;0;0;0;2.319201058;0;0;0;0;0;0;0.241777728;0;0;0;2.269304158;0;0;0;0;0;0;0;0;0;0;0;0;0;2.847573144;0;0;0;0;0.738993305;0;0;0;0;0;0;22.79810534;1.434955734;0;0;0;46.43226114;0;0;0;0;0;0;0;0;0;196.1102714;0
48;Kamchatka Shelf and Coast _s205085;0;33.89709531;109.6214963;16.02758855;138.3951155;214.9036224;160.3876941;122.625225;0;107.7877627;190.6022415;20.9971785;27.2577745;114.0739486;95.95215094;152.8112749;131.6047365;20.50091032;66.48890971;97.77532104;220.976073;106.3523413;82.46744487;39.14084226;57.97070051;40.12939997;42.24630761;99.68075219;110.1738757;125.0519711;66.49205518;53.59506897;124.2561902;124.7027741;136.2288538;89.56014708;0;0;0;0;0;0;0;0;0;0;0;0;0;0;0;0;0;0;0;0;0;0;0;0;0;0;0;0;0;0;0;0;0;0;0;0;0;0;0;0;0;0;0;0;0;0;0;0;3.69740074;0;0;0;0;0;0;0;0;0;0;0;6.824259697;0;0;0;0;0;0;0;0;9.565911113;0;0;0;0;0;0;0;0;0;0;0;0;0;0;0;0;0;10.68726441;0;0;0
49;High seas _s210026;0;1141.993525;2.863114496;1270.442263;8.470289284;71.09955543;18.62964754;231.3152883;0;580.8367138;4.881356821;219.8610812;1251.602793;539.2275097;0;300.678286;129.9083856;1305.816722;1037.941186;217.2406611;135.5543105;94.87652164;710.5278372;1253.111342;1071.413849;1256.920278;1122.50332;0;0;647.6484144;0;1038.386667;528.1939346;119.1867771;202.899442;0;1394.752309;1374.739928;1357.680523;52.20327075;44.6254348;1369.198217;36.37981159;1399.937072;1339.564056;1375.918434;1358.100252;1366.460104;92.01924529;81.64473441;40.47527267;1370.254417;53.48880103;38.1397301;38.64537781;1374.31998;0;47.62266811;1377.907982;89.13256555;375.0688948;0;298.3268625;1306.421842;1341.962389;1358.624212;1371.593392;46.37606618;1350.765206;191.8180179;38.75000844;52.16650697;1340.926828;1326.782895;0;0;1342.615163;53.57807864;1382.24122;146.4831879;1361.234059;1359.992288;0;0;1327.082313;1273.119662;128.6957645;1384.728977;1323.238695;1431.122082;1304.988341;27.25532155;1362.16548;1180.03761;1215.823774;1260.392246;1330.793105;1302.894234;341.148599;1230.018788;1150.164046;1170.53266;1413.517647;1053.98382;1097.432545;1326.979219;1344.536135;1221.370997;1310.831293;1412.704723;25.37295018;1323.550023;44.64378992;32.87952736;2.988380474;33.89555063;0;0;0;24.92267039;0;7.238770857;0;519.573384;880.917039;0;0
50;Hawaii _s210026;0;6.995355779;0;20.29869388;0;0;0;0;0;0;0;57.58601188;48.21050313;13.65705909;0;0;0;140.2175435;0;0;0;0;8.912913607;25.74073231;2.933739905;21.53537865;80.26053914;0;0;0;0;0;0;0;0;0;155.6005476;163.1192656;174.6007896;439.8735412;467.3793162;28.05428271;74.03053362;152.8786611;175.4213826;150.8663563;156.86513;158.0564674;456.2126475;232.3545009;12.01786808;37.63670535;562.6348247;381.6710311;214.0750534;55.21211719;0;420.0333151;107.256163;483.8887528;232.030175;0;515.6519317;143.3905879;57.43321127;179.6583234;18.03430955;439.8439844;139.5935667;567.0039209;462.1647348;481.2094113;172.0995856;29.70889331;0;92.35403209;216.8201173;359.9101426;178.8194466;0;147.8948;136.9089779;0;0;96.37073174;201.7501033;486.4710663;185.3566946;35.09809149;66.49153044;0;0;148.3241486;219.2166786;100.4498726;189.7997899;156.348943;261.9547559;99.78176386;299.208675;215.6307424;136.1154264;160.6403823;94.92835352;162.9190032;137.0518383;284.6591224;222.2508602;91.43528078;11.36905708;353.2901689;134.5578491;473.5306203;0;0;0;0;0;0;0;0;3.836548554;0;0;0;0;0
51;Northern California _s210026;51.31847094;29.57384347;11.16614653;28.80129938;37.43397292;91.35410147;0;37.28285335;37.22842865;58.9763273;12.15425088;64.85066069;30.8784939;48.86666455;13.50950862;62.90947304;0;26.99920639;47.82320076;161.7839089;127.5775133;26.12393593;44.56894785;28.72896887;38.39137174;28.92952127;26.16245921;24.38137317;14.5554026;76.42538524;2.654094639;52.1671127;49.71670857;0;0;64.539235;15.76659599;14.85473294;9.910007043;0;0;18.84536905;0;0.186619459;2.46624166;16.46617247;15.4424091;15.93875374;0;0;37.98099816;0;0;0;0;0.250517614;44.80582369;8.916290547;26.42931027;3.062974761;77.34964062;0;34.99486394;22.76389541;0.236791925;0;32.34345325;0;18.26747674;38.47627203;12.82665785;0;1.400042676;31.16591993;0;0;0;0;13.02842727;104.7871435;17.47798471;25.6437498;0;0;23.25503226;0.119363526;58.61551131;6.314938264;0;27.14554661;0;0;22.37449139;0;0;5.422391419;30.35780515;2.161199944;83.60661477;0;5.943248046;70.24962829;21.65853023;71.55320608;39.83202153;29.97815101;0;35.66389313;21.48267033;0;86.3645873;20.44166571;11.4221241;0;187.1546516;231.2326605;0;270.4060977;245.851055;138.7503226;429.1215718;153.244779;139.0331602;118.2029448;108.8499808;287.2953021;861.1416889
52;Southern California Bight _s210026;0;42.58199779;0;36.84948762;8.258532052;0;0;0;0;3.362865514;0;122.1242146;44.99680253;87.78152327;23.57428498;17.12056127;0;39.31422436;38.44939476;152.3308259;101.2387095;59.95202084;62.0662893;37.82852242;51.19150461;38.16355577;37.54791944;16.29915002;0;48.21344022;17.01879984;40.38758559;19.72495048;0;0;22.12633598;32.31338429;34.33960375;33.56479623;0;110.2061593;55.10677645;169.6665449;39.14156542;38.25768424;31.4265696;32.93793358;33.99426668;0;0;497.0408834;29.72210557;5.13235872;134.7664626;235.7368046;47.81447943;490.3098094;315.180503;40.59324601;228.8654741;166.1348801;187.4747679;255.1491199;34.50106983;52.8850192;16.31193598;54.66275982;137.4137414;29.84420413;274.7419893;283.1315948;40.74601008;40.22260972;44.07686165;97.81095786;366.1800032;13.65537013;0;33.53174186;660.0860665;32.39344362;39.29392136;453.320297;35.64634711;34.23163513;28.07383313;291.0860286;34.77434038;41.01551675;52.77385208;58.16864862;110.5980403;38.56025082;103.7081512;41.51772385;118.3272003;44.27179918;50.40462695;163.6887743;44.51350897;130.3754556;110.6875446;45.75166896;108.7539855;144.8135389;42.25378325;28.89755816;63.17968599;76.85456563;89.77125593;252.5493646;31.04819037;242.9290784;195.3506293;348.9373671;583.5374418;371.8854593;678.1790516;766.4081394;268.9876465;585.1595169;316.6238373;65.76723317;112.6471106;64.8506338;195.4857164;1202.390313
53;Cortezian _s210026;0;10.88492719;0;22.86886122;0;0;0;0;0;0;0;181.8505638;21.9840094;62.58192134;0;0;0;12.03258485;0;0;0;0;42.6462112;11.87589259;7.721001636;11.57279637;22.99428004;0;0;0;0;0;0;0;0;0;19.7061477;21.77886173;24.35445404;910.0932829;774.1579706;41.57214641;1049.930894;47.3640188;36.31003103;19.5815697;21.8694056;21.99077625;898.7248916;1128.966614;964.2638489;61.30184275;757.1031043;847.7421827;908.8782671;56.74960765;908.5684486;668.5835539;26.2181267;629.9313894;187.1876301;1106.555309;468.16512;22.36977527;53.92601012;48.34931986;32.69906927;772.705842;18.43756778;421.9996395;637.5524036;796.0473467;37.67494296;28.89247673;1137.289637;916.0723398;22.16295706;1009.934769;23.78879791;605.2612385;20.53679109;24.41999559;837.4071823;1179.071481;22.32134521;30.09365122;440.773574;25.39030998;52.40695627;31.35063443;49.79742136;1145.849758;23.78019751;112.4414692;139.5322459;79.45331997;13.41948245;21.26554754;186.6327448;85.39245762;105.0499415;41.18800131;26.49369677;62.14000981;87.09734202;12.79425102;23.39975228;21.18753106;39.48311231;29.98432637;510.3020615;19.6596528;654.961311;1071.153352;130.0238484;63.61219776;1404.983265;560.0770595;521.0574598;79.4674946;44.02130107;337.543885;0;0;0;0;0
54;Oregon Washington Vancouver Coast and Shelf _s210026;139.6282344;36.7227944;68.46422538;34.010422;57.33915274;183.8958704;0;88.98356218;129.4782849;76.07822976;48.58424272;187.5372997;35.29577157;94.20913536;56.75148277;111.5476216;28.52849583;27.98888941;52.0330184;223.8698359;176.5485577;64.77625075;64.99638228;30.9274056;42.90180878;30.71014146;31.99527888;102.4017673;87.61738581;91.63963732;50.84686572;57.65206622;82.77492337;23.31410897;13.35550784;128.1217881;5.694564945;6.175859171;0;0;0;0;0;0;0;14.41358002;12.42033167;12.02905516;0;0;0;0;0;0;0;0;0;0;26.88722316;0;128.378657;0;0;22.18135819;0;0;26.44938176;0;18.31263366;0;0;0;0;31.91490387;0;0;0;0;0.414812907;0;15.89688562;19.90666415;0;0;27.06803235;0;11.35709172;0;0;1.517241144;0;0;17.01951636;0;0;0;28.27304847;0;240.6666122;0;0;70.16628551;10.14460748;88.27741378;49.05574974;31.47941592;0;35.70506594;0;0;62.27905954;20.74991546;0;0;227.4684902;291.1302773;0;91.29870311;12.84296556;401.228029;417.961242;93.09059322;162.8200006;168.8099069;120.2389404;395.2184069;0
55;Clipperton _s210026;0;0;0;11.74814528;0;0;0;0;0;0;0;0;14.2106994;8.516262699;0;0;0;10.42201578;0;0;0;0;0;14.65463956;0;14.51168405;0.303690645;0;0;0;0;0;0;0;0;0;11.30188258;11.05190725;12.58440902;9.757620702;7.720369899;27.48003548;12.07364926;21.82327958;21.30043125;9.399737593;11.2108231;10.66219454;10.67984207;10.2364244;6.008934038;38.11472781;7.85892429;7.66444337;10.0681379;28.53935951;8.194889369;5.460363978;5.637137697;5.023278608;10.40452025;10.09285426;10.05449449;10.97659168;28.54012864;25.49520404;19.10115762;8.400840084;9.371564782;11.60484925;5.603224217;9.291251706;20.51047845;15.43484899;10.37580666;10.95303885;13.39457418;12.01302212;12.18229149;8.752522428;9.647249476;11.86569396;12.41973416;16.28078353;10.63336172;18.11048943;3.821580627;10.52087997;38.00137774;22.4403943;82.04308527;17.34429553;12.56072932;69.50265573;93.61087434;49.18768715;8.588885202;28.68951682;0;45.63304817;65.71534268;26.70302634;6.474453393;0.380258691;45.2938366;7.585730291;9.550733843;17.19376792;30.6927179;70.47452468;3.862267258;11.41890701;6.825415619;12.84356537;10.13705533;0;0;0;0;0;0;0;0;0;0;0;0
56;Mexican Tropical Pacific _s210026;0;0;0;20.93237667;0;0;0;0;0;0;0;57.03921036;27.46253242;43.18915609;0;0;0;19.89402922;0;0;0;0;14.58476772;25.91169508;0;25.26702511;12.83533815;0;0;0;0;0;0;0;0;0;24.31683257;24.86152182;27.63484989;181.2965926;149.232205;45.33199873;237.1836624;44.57219169;41.38689409;21.39726215;24.47645558;23.89108746;196.7679993;201.0285757;95.00918347;63.67380231;161.5891066;151.8289734;187.7351775;53.14903096;164.2170688;120.2662446;13.95693402;111.0634648;38.09366693;206.5250303;57.80246183;23.47780602;51.83509274;49.68121535;28.33309039;159.7874073;20.96033402;79.99459191;120.503075;169.1782081;40.36936472;27.82077946;210.4264203;204.3737476;31.58450459;222.1207789;26.97315768;160.8275996;21.90633467;25.15188718;229.3687076;297.6812737;21.88740303;36.05480611;73.20210779;23.61674431;60.91622436;39.99379465;49.41806061;296.2045275;26.49091447;106.6322532;181.2167746;104.795357;20.79291027;40.12655393;81.03913079;71.48494259;98.28191615;56.89811512;19.24094695;43.82302043;76.06306737;19.39485376;41.88328476;35.98915837;56.8942541;117.5067578;79.01555099;23.07773254;143.1247867;240.3031081;85.90128969;0;13.13995289;0;0;0;0;36.04907887;0;0;0;0;0
57;Revillagigedos _s210026;0;0;0;5.98455023;0;0;0;0;0;0;0;15.48229457;15.07967206;15.09260223;0;0;0;27.46837216;0;0;0;0;5.785729177;11.1270275;0;9.693390046;15.88008177;0;0;0;0;0;0;0;0;0;33.83685659;35.5902328;36.82607555;13.46551657;20.19173666;8.865203636;0;24.52926174;25.61119774;32.88691205;33.94585738;34.30615633;13.37677188;0;0;12.44068588;21.17097972;13.32153252;5.390013221;15.71875223;7.130618022;16.10461781;14.75566793;16.6625827;13.47900911;39.23597093;28.77065306;22.4129902;15.93207557;28.2384547;5.633521141;15.34439158;30.3469511;25.35039885;18.36237334;17.2275292;25.20370327;8.364055322;39.73174744;0;46.57439815;8.168855039;35.24465087;0;32.37435591;20.39655932;0;0;14.22761227;39.67784018;20.02292948;39.38802142;11.20668495;14.65245802;0;0;22.06636383;89.42553742;65.13728872;91.63358793;30.62848517;50.80882083;32.74709116;67.69270068;84.23644424;57.34816613;23.81100628;42.04369675;66.02459326;27.20143129;55.30520092;57.46901643;27.81764731;14.14033573;18.72126768;27.18367995;18.24753972;0;0;0;0;0;0;0;0;0;0;0;0;0;0
58;Magdalena Transition _s210026;0;11.35023016;0;9.959659004;0;0;0;0;0;0;0;43.52540127;12.42281313;25.32893014;6.369868022;0;0;11.31833248;3.190124456;1.10152451;0;11.82667273;17.18637494;9.282555946;12.38790481;8.782087899;11.75772618;0;0;0;3.771608172;0.992007004;0;0;0;0;11.07705297;12.02676557;13.04129399;128.9957457;130.0585391;18.41782732;165.2183583;20.86032317;17.16940281;10.64427388;11.59366475;11.65069724;25.78264903;145.1598979;220.6299177;21.19636316;141.3804441;138.051224;153.7679243;22.75289385;225.8383798;158.8343851;12.95538026;151.1271747;50.59783811;181.7975373;122.3514459;11.52109977;22.91520347;21.71519382;14.41829317;122.0693498;9.982688345;105.0633197;152.7722458;116.1406463;18.07141039;12.44372987;161.5842085;175.2486215;14.29913672;100.0684742;13.2595668;117.7943643;10.92453576;12.83761451;191.0525064;210.2791726;11.05841164;14.75426795;124.3897582;13.52971506;22.46615692;15.51052323;12.948847;170.0641964;12.6231604;55.51895013;50.558546;49.07505587;12.62566125;19.78075369;46.05132634;37.88299869;53.05258562;30.06174033;14.94815573;30.60006256;43.71463776;11.93071352;21.77312872;18.67598929;22.29072589;23.69216092;101.2772303;10.31345963;147.9304365;195.8643719;31.05571865;98.43639361;320.3173423;218.8935267;230.506213;45.41549982;37.2010995;78.03394984;0;3.073713831;1.072460357;0;0
59;Aleutian Islands _s210026;140.863336;110.7850226;190.9339479;44.80595862;286.5310636;464.6347922;329.9791743;337.0882018;138.7853921;252.238389;414.2273533;67.72527442;64.70600133;183.4132689;91.62218023;230.5702999;173.4748029;37.82969983;193.9505576;155.9758706;317.4150394;107.9165613;156.8672795;119.6354111;159.6556301;122.5145716;105.0691259;128.0224147;104.7375205;253.7894636;29.35801176;186.8887813;270.825058;166.8202468;290.9602329;270.8391082;0;0;0;0;0;0;0;0;0;0;0;0;0;0;0;0;0;0;0;0;0;0;0;0;0;0;0;0;0;0;0;0;0;0;0;0;0;0;0;0;0;0;0;0;0;0;0;0;12.71948537;0;0;0;0;0;0;0;0;0;0;0;0.916147755;0;0;0;0;0;0;0;0;2.198546627;0;0;0;0;0;0;0;0;0;0;0;0;0;0;0;0;38.90715756;5.465809113;0;0;0
60;Eastern Bering Sea _s210026;188.2294819;25.50808938;508.0775618;0.11047759;414.1265602;187.2983774;488.466891;246.3837311;158.8595448;95.74483069;293.6349073;31.38640745;8.97189298;203.5561378;502.1611365;213.634101;802.3166652;4.579618132;18.19886147;48.70741106;145.0342302;716.3835234;223.195124;10.75861478;37.83170443;11.02453329;117.2069552;317.2003179;437.8238796;71.56600559;475.0363774;21.65066407;160.2320674;859.7609305;758.8441804;130.3785762;0;0;0;0;0;0;0;0;0;0;0;0;0;0;0;0;0;0;0;0;0;0;0;0;0;0;0;0;0;0;0;0;0;0;0;0;0;0;0;0;0;0;0;0;0;0;0;0;0;0;0;0;0;0;0;0;0;0;0;0;0;0;0;0;0;0;0;0;0;0;0;0;0;0;0;0;0;0;0;0;0;0;0;0;0;0;0;0;0;0;0
61;Gulf of Alaska _s210026;718.7056135;106.8231711;426.3893263;68.17718021;503.4645836;337.9074582;560.6413534;405.7776355;707.2793136;257.6553609;601.2259085;241.8268795;63.56485046;175.0263345;415.4462564;305.1281235;297.8471244;37.0127445;109.7951563;306.9448116;361.5692598;305.1837081;166.1393375;65.11514342;104.5584902;66.09286737;91.30508214;549.0254186;462.6162898;202.7954877;437.1806065;147.5688266;254.2894813;280.645681;274.7437855;575.6772204;0;0;0;0;0;0;0;0;0;0;0;0;0;0;0;0;0;0;0;0;0;0;22.44609539;0;157.9612389;0;0;9.235894388;0;0;0;0;9.519077366;0;0;0;0;18.14660433;0;0;0;0;0;0;0.715789326;0.98766015;0;0;47.9861793;0;0;0;0;0;0;0;0;0;0;0;24.37421513;0;124.1962025;0;0;0.833427788;0;43.72974943;0;29.98311387;0;0;0;0;0;11.66489942;0;0;158.3255694;0;0;0;0;234.1652446;0;280.1404322;734.6261409;217.8864423;45.46093017;19.86084914;0
62;North American Pacific Fijordland _s210026;385.5987155;62.88818069;261.151831;44.51829999;194.9813536;213.1381707;193.1314587;171.135957;395.7041313;119.5607264;209.0793237;236.9525345;41.98036871;121.9953015;228.6994308;182.1081336;148.2816997;27.09257271;57.51233358;244.3581917;209.5830885;166.8452606;91.73950291;34.02881469;53.74611505;34.20964049;46.40980838;300.1737678;276.5307286;113.4117567;307.2929399;71.35777733;131.210707;125.5533718;134.357211;326.9644482;0;0;0;0;0;0;0;0;0;11.11482867;1.446667109;0;0;0;0;0;0;0;0;0;0;0;29.99015801;0;185.2567011;0;0;23.14591538;0;0;5.337761281;0;19.5409017;0;0;0;0;35.54904135;0;0;0;0;0;0;14.42713153;14.05743381;0;0;32.44073444;0;8.127586968;0;0;0;0;0;8.055622462;0;0;0;25.36844365;0;223.4644695;0;0;28.31154197;0;81.49015489;0;29.30568359;0;22.20449961;0;0;64.90754698;22.1469094;0;0;364.5238221;86.13184441;0;0;0;398.9553279;312.6959086;117.991965;426.0733274;204.2283499;110.9569383;413.830146;0
63;Puget Trough Georgia Basin _s210026;1.636509603;3.866983886;17.8407822;2.713996656;0;0;0;0;0;0;0;13.8887587;0.299645744;3.763450942;25.44098346;0.419005415;7.335571447;0;0;0;1.793498312;11.54891404;3.47318943;0;0.361075681;0;1.637970187;22.60328408;22.55648987;0;48.05308189;0;0;5.78664175;0;29.95150359;0;0;0;0;0;0;0;0;0;0;0;0;0;0;0;0;0;0;0;0;0;0;0;0;1.031078583;0;0;1.037158269;0;0;0;0;0.582524184;0;0;0;0;2.073553594;0;0;0;0;0;0;0;0;0;0;2.102129713;0;0;0;0;0;0;0;0;0;0;0;0;0;2.847573144;0;0;0;0;0.358734614;0;0;0;0;0;0;13.67886321;1.28614551;0;0;0;31.92217953;0;0;0;0;0;0;0;0;0;158.7618822;0
64;Kamchatka Shelf and Coast _s210026;0;24.61588224;98.50903313;2.149101807;104.3727868;83.71451041;167.6668279;87.59844069;0;49.2105189;167.1455201;0;15.42176762;113.718296;65.39217988;118.0589658;130.962874;4.630969609;56.14455236;0;79.47759664;104.9635478;82.41050734;39.13843433;57.95866466;40.12939997;42.20124384;26.83298086;78.91483336;112.3034771;31.91898027;26.43720907;97.85490355;129.2521829;204.4769694;16.33718377;0;0;0;0;0;0;0;0;0;0;0;0;0;0;0;0;0;0;0;0;0;0;0;0;0;0;0;0;0;0;0;0;0;0;0;0;0;0;0;0;0;0;0;0;0;0;0;0;0;0;0;0;0;0;0;0;0;0;0;0;0;0;0;0;0;0;0;0;0;0;0;0;0;0;0;0;0;0;0;0;0;0;0;0;0;0;0;0;0;0;0
65;High seas _s210045;0;1182.131553;6.298851891;1323.78001;6.164488312;69.23780635;12.16478972;304.7162337;0;562.7077582;16.11830574;186.3655821;1264.897075;482.7304807;0.962215713;141.439468;129.0258247;1213.510107;1023.464819;178.346832;97.73711756;94.75957061;689.6974602;1273.489622;1127.973345;1273.140962;1046.786385;0;3.463484353;554.1856899;0;1047.132344;377.0641976;116.9958437;165.0655209;0;1380.509185;1377.868257;1366.296341;46.73900316;27.23339272;1512.806132;28.9132127;1377.404638;1307.709171;1373.17948;1367.429052;1372.288861;97.7367365;91.7578284;13.0382531;1565.27548;39.05404213;25.73063131;31.83158751;1525.195441;0;33.86808037;1329.105759;73.32761578;273.8169779;0;242.0913349;1279.338182;1509.941687;1324.65331;1471.197567;29.91727744;1358.008375;191.4236784;19.5775304;34.26149067;1314.249705;1420.815299;0;0;1370.529728;40.36375431;1346.315533;143.808806;1364.840047;1314.5068;0;0;1278.695982;1301.869888;115.0241944;1374.033351;1531.256516;1473.366167;1561.524727;11.71303075;1302.918391;1019.66686;1229.852061;1101.549967;1225.810901;1176.15883;283.123461;1065.33615;998.4050263;1058.06158;1332.39727;993.8957718;995.0863782;1234.851182;1186.190239;1124.968966;1407.409557;1495.536424;16.14642284;1332.619854;32.45554774;22.73311071;0;19.96587229;0;0;0;24.92267039;0;7.238770857;0;389.7057594;1024.436911;0;0
66;Hawaii _s210045;0;9.534193331;0;16.67377823;0;0;0;0;0;0;0;53.80526992;42.4548078;15.06673659;0;0;0;116.9623267;0;0;0;0;6.24998905;23.06552618;4.931692004;18.94224246;58.20084257;0;0;0;0;0;0;0;0;0;153.2448702;160.7954141;170.4180937;417.4310136;450.9205056;19.82620009;35.42662875;110.8631561;141.2682081;148.8072734;154.3563314;155.6636091;462.6852791;266.3936953;23.92236004;27.99759416;549.5633485;365.9771709;218.9565748;44.16478164;0;403.9978159;77.01091192;461.2227395;197.8733536;0;485.2708185;129.3059786;49.24825265;127.9868324;12.17192661;423.7280871;137.4802232;565.6518996;446.1651668;474.8216757;136.3324576;25.40283776;0;69.57668994;212.9504692;342.4912605;167.3016813;0;145.9224027;116.1051563;0;0;69.958948;188.4773474;484.6948387;181.6046893;24.92075348;56.22031933;0;0;127.5084201;192.5358722;78.63180001;163.4762517;130.4183177;223.0696546;86.36082486;252.7004941;188.9103843;118.9718168;136.359966;83.13315942;141.7356099;111.8156993;240.2086804;191.4741803;80.83680626;8.699997728;351.0908223;127.9509789;459.7404949;0;0;0;0;0;0;0;0;0;0;0;0;0;0
67;Clipperton _s210045;0;0;0;9.292624495;0;0;0;0;0;0;0;0;11.50889361;2.056318556;0;0;0;0;0;0;0;0;0;12.04926328;0;11.85186722;0;0;0;0;0;0;0;0;0;0;9.494856519;9.190015694;10.56379223;8.781858632;6.617459913;22.92797347;10.00841978;17.8818766;18.09461175;7.686269114;9.411806159;8.85902929;9.385315757;8.633129016;0;31.62209359;6.816413925;6.478279515;8.746059188;23.34725917;6.811336618;4.56182307;0;4.22690517;7.742462816;8.452765442;2.176297509;9.099335216;23.73727355;21.40492272;13.78100109;7.28644293;7.774515274;9.689485781;4.793119511;8.033061371;17.34937581;12.82665092;8.730861698;9.334976289;11.03801254;10.69158968;9.972019734;7.172205879;7.957986666;9.74084742;10.70211135;14.05288684;8.709077163;15.77236861;3.121854597;7.114348387;32.28454317;20.7441528;67.33653345;14.41603784;10.4360589;0.649800446;81.26731643;0;0;1.249701495;0;0;0;0;0;0;0;0;0;0;25.86670655;65.59071394;3.164913448;9.786549955;5.989650441;11.17390188;0;0;0;0;0;0;0;0;0;0;0;0;0
68;Mexican Tropical Pacific _s210045;0;0;0;7.018453718;0;0;0;0;0;0;0;15.99785029;11.71864563;18.40987085;0;0;0;8.564025956;0;0;0;0;1.922736646;12.09019803;0;10.577526;3.266143901;0;0;0;0;0;0;0;0;0;20.81855093;18.88239081;22.2994275;159.3419461;123.9501145;24.77227115;168.8722258;21.86433586;29.36801747;14.44116426;20.02634493;17.54592277;174.5452976;164.522773;41.94916215;29.17752302;139.5360027;117.3389783;163.5309672;21.92274724;115.6862954;82.04369674;4.315672184;90.60279343;20.71530608;163.125757;31.07752842;13.29118322;27.53041213;32.23035738;6.647554946;136.5565128;15.21637462;54.64419307;87.55881698;146.1436466;28.16815422;15.0663778;173.8580286;177.2400831;22.63755871;193.890177;17.01145668;99.55994262;15.5851196;12.95959644;203.6043654;265.2910833;10.50709166;30.14982229;47.95814562;15.47400903;38.63482202;29.94988558;29.94420868;228.8546007;15.15061195;49.47580598;112.6933477;43.36304117;7.99026593;18.63416288;19.76962666;34.02768415;44.55010219;24.37776281;7.461916983;14.16284256;33.35428873;7.65521032;19.5331136;22.84267826;38.1527225;77.76616769;47.36641651;19.4288451;123.1360695;218.7259183;62.69739425;0;0;0;0;0;0;16.50439755;0;0;0;0;0
69;Revillagigedos _s210045;0;0;0;3.758322558;0;0;0;0;0;0;0;0.812390835;8.881999256;8.542128341;0;0;0;15.58050511;0;0;0;0;1.900837595;7.062447883;0;6.270450275;8.038985258;0;0;0;0;0;0;0;0;0;31.80332308;33.31731989;33.81522272;0;0;5.968817956;0;15.40357018;16.57125818;30.46274358;31.71826107;31.95590596;0;0;0;8.21109472;0;0;0;10.21718895;0;0;7.667427276;0;5.736546299;19.68106581;7.442937479;13.25315408;10.48586129;17.81788599;3.411801241;0;28.22457617;21.35066925;0;0;16.18120603;5.587275654;20.11894217;0;42.92560431;0;30.27721472;0;30.1665435;12.11949507;0;0;8.849574834;34.86819224;15.50162283;35.57174194;7.907496021;9.845019784;0;0;13.15483148;51.86707162;42.18494319;55.6720306;16.74051807;30.66924196;1.213719701;38.75024736;49.45024956;32.98707187;14.2112063;23.21012952;39.8621973;15.78685512;32.6278876;50.73314375;18.04508593;7.791381778;13.78614841;24.35628569;0;0;0;0;0;0;0;0;0;0;0;0;0;0;0
70;Northern California _s210045;46.81035015;29.68000482;9.39459444;28.80338387;33.36352835;84.67748407;0;29.65419183;32.78778275;55.36696903;6.847003862;64.9756439;30.7586356;48.55627685;13.0861337;60.08537654;0;26.91050838;47.2580696;161.9841861;128.2778317;26.15317369;44.57332766;28.72896887;38.39738966;28.91717301;26.16245921;25.78229185;13.72241269;74.27440478;2.560968512;52.10928269;44.04311671;0;0;62.8957045;15.94947978;15.80500023;12.65131686;0;0;23.11240324;0;0.380703697;5.518841851;17.40403684;16.40290119;17.05508005;0;0;41.15552935;0;0;0;0;1.002070454;50.23360756;17.48698844;26.18049003;6.616025484;77.33089374;0;38.0852064;23.03874236;1.854125451;0;34.23772473;0;18.30661273;40.3916355;14.0418149;0;4.933903017;31.47659172;0;0;0;0;14.15523248;131.1662736;18.19059275;26.09429597;0;0;23.24614;0.718521615;65.98954717;9.323773352;0.274492519;28.85599449;0;0;23.14581724;2.716165865;0;7.35321329;30.78464672;6.215512054;83.55993325;0;8.344805419;73.28330544;23.37564672;71.8186697;57.36414615;29.97318815;0;37.45491062;32.42490329;0;92.8016994;20.52214471;12.25788928;0;180.0059768;231.9291444;0;274.1753103;256.0253523;138.904404;425.4014619;155.4164103;138.664372;114.1518157;106.6101521;287.2953021;942.6010379
71;Southern California Bight _s210045;0;36.60985679;0;31.18386327;1.647000694;0;0;0;0;3.040077375;0;121.3743153;38.0150567;78.79967901;22.18869435;21.11787293;0;33.02366836;31.29516186;130.4805851;69.60481546;60.06897187;55.14180949;31.75332432;43.42536852;31.91039307;32.35970766;12.17721621;0;38.00284087;11.31482452;29.46216316;12.2787655;0;0;13.88415318;30.77313367;33.64754217;33.41186402;5.073962765;155.3406295;47.94754817;264.6671009;36.86480801;34.45961316;30.55036413;32.55170395;33.2341422;0;6.166520726;492.9593433;31.3800569;9.222207075;185.680265;298.9931862;44.76897118;500.8460957;322.3688303;34.60483267;252.8179368;161.9168313;245.3825192;240.6549785;30.11216175;51.58936527;21.71141003;46.47654941;179.4179418;28.91999264;282.9104511;295.1481479;90.20256864;37.29337997;37.69725251;182.7154245;447.5809965;18.80080382;0;32.55352634;653.6432375;31.56949058;34.05656814;534.0485691;148.9263252;29.51873857;27.35999244;290.6016029;35.11579697;40.904664;45.52859943;65.49031113;257.911927;32.85284231;102.5255144;55.79621787;110.7487245;37.41370448;45.11298663;162.5217361;53.03619817;122.1276828;95.44415034;40.15279905;94.39742629;129.8765308;35.79214057;13.66727279;55.17980786;67.26504445;82.44553983;252.6566498;29.4917569;251.9832011;287.1821218;337.0424409;582.2605546;424.1973472;678.1790516;766.4081394;265.0970906;515.4419008;316.6238373;29.13426965;95.9667473;48.51696765;99.17933472;779.0533103
72;Cortezian _s210045;0;6.270296301;0;16.37569718;0;0;0;0;0;0;0;151.8858403;15.07218091;41.8506091;0;0;0;9.759114887;0;0;0;0;27.41761139;6.554375431;4.224585463;6.305025424;18.05881724;0;0;0;0;0;0;0;0;0;18.91253272;21.30284984;23.69302224;770.2665782;701.2810724;31.44108391;928.082355;36.63713227;30.6998469;19.10939231;21.51874975;21.57151476;800.8802779;899.8187043;742.2734178;46.92486334;708.2655033;741.1699225;745.3472999;41.66451762;693.904918;601.4003414;20.87580963;597.8926734;163.7727728;1061.137465;425.0744294;20.79156611;39.61573585;39.27199803;25.60787454;706.9564099;18.05072356;410.6201271;605.485759;743.5904881;32.27435905;21.67959286;1114.007339;788.992196;21.60612246;832.6225629;22.3421121;439.4495636;20.12004264;21.28191205;743.3343022;971.8770887;18.59548924;28.87427089;425.5410766;24.39406018;39.09406911;22.03693317;41.86878165;942.8989751;20.91843763;95.26074543;100.082902;58.37518122;10.7361065;17.5824339;149.5909531;74.96970543;89.23362423;32.06196702;22.19847337;50.20132187;73.38748208;10.16145422;19.31501882;19.80000716;28.37569672;16.77532199;494.7993499;19.0750412;612.1283457;903.1595171;105.2378692;53.39710031;778.9760754;296.371784;269.2019014;20.33874801;3.72010995;298.2373593;0;0;0;0;0
73;Oregon Washington Vancouver Coast and Shelf _s210045;136.6639906;36.54209422;59.66014831;33.93121165;49.26884933;151.1547659;0;62.31997356;125.433039;63.64208312;27.55181937;190.6775027;35.14095461;93.98281099;58.02160752;94.30973886;17.99507371;28.11493394;48.90022609;188.7412178;153.3184843;64.57158646;64.82994949;30.84072025;42.75436954;30.57678017;31.87772122;101.9437747;85.11841609;85.97364;51.17280717;56.30418227;70.94901013;18.45539195;2.727250851;128.3180305;7.446222519;9.30418829;0.86980193;0;0;0;0;0;0;15.74573685;13.82126106;14.00606054;0;0;0;0;0;0;0;0;0;0;27.31586309;0;125.3604088;0;0;23.77512473;0;0;29.03728053;0;19.73808689;0;0;0;0;33.86804204;0;0;0;0;3.101809946;0;17.52411335;20.84907294;0;0;27.43972872;0;19.86145425;0;0;3.310086017;0;0;18.82397579;0;0;0;29.66809164;0;242.0437172;0;0;75.24186074;14.87762262;91.77866361;72.40174014;31.42482447;0;37.87487334;7.000171879;0;100.9017321;21.97380363;0;0;212.5265878;366.2344597;0;105.3983499;14.3440914;400.5346625;329.8497489;93.52491947;147.6996835;153.3770341;107.2934897;407.834418;0
74;North American Pacific Fijordland _s210045;441.4870623;64.36540468;258.3960833;50.37778125;199.734127;210.4739435;103.9312258;156.2563944;418.5460839;111.4029898;183.5914337;267.698403;43.93056309;121.9759023;229.5269363;168.3731361;118.66433;28.88754026;55.18219132;230.3788443;190.0424974;166.8452606;91.70884424;34.03603847;53.75815091;34.13308123;46.41960486;306.8550723;276.9472235;108.8278075;308.4104534;72.26526356;122.5806368;100.4478526;100.6275351;337.6841919;1.117436728;0;0;0;0;0;0;0;0;16.91887863;8.039674591;6.060544086;0;0;0;0;0;0;0;0;0;0;34.84319829;0;240.8037164;0;0;27.83214216;0;0;19.15749283;0;22.77263148;0;0;0;0;43.59519995;0;0;0;0;0;0;18.72823006;18.73012875;0;0;40.29971177;0;73.20210779;0;0;0;0;0;16.2119402;0;0;0;27.30744956;0;272.0132576;0;0;51.555843;0;92.40286184;9.334372721;32.09232903;0;32.37830242;0;0;167.6867701;27.0956086;0;0;454.5854062;378.6550896;0;0;0;471.4506381;372.3554496;154.9096963;673.9604782;190.5702575;114.430571;809.9229299;0
75;Magdalena Transition _s210045;0;3.390387157;0;2.626448377;0;0;0;0;0;0;0;20.62222889;1.840324277;5.968496941;2.097630255;0;0;1.423836422;0.229328587;0;0;8.610519453;4.988603734;0.760904716;1.721127411;0.748305015;3.074133042;0;0;0;2.351434724;0;0;0;0;0;9.511634849;10.45996626;10.55041066;82.35431872;106.3035548;5.864028315;135.8285542;5.714287847;4.690868247;9.29102321;9.930166973;10.0656843;12.19012276;79.17812612;121.1990658;7.055369523;120.8510092;107.1197204;114.2072613;6.601875935;104.0857377;97.11153657;3.736485558;107.5104141;21.67139713;174.7325394;74.64700454;3.880700524;6.607835043;5.96325936;4.84130723;94.03797523;8.570782182;96.72585515;116.9251126;85.26659118;5.268504411;3.571521463;151.841073;136.9129856;12.107041;80.00672729;9.002059206;79.01582748;9.586805044;3.783407309;149.1689348;170.5197854;3.192320504;9.801851867;111.5255642;11.40464996;7.247658236;3.778896483;10.17951351;166.2349364;3.328985982;9.617046605;6.388625245;5.084497592;1.587642416;2.48290528;13.23421289;10.89579692;9.957972746;3.600408046;3.679882789;5.452766131;7.724998114;1.357341992;2.803426632;7.081724334;3.30811694;2.146605184;95.05468863;7.561988949;109.972768;130.2337529;23.20389544;67.90718191;247.9236395;166.264152;171.4619298;16.33263098;9.300274875;42.63636035;0;0;0;0;0
76;Gulf of Alaska _s210045;699.4997839;112.2170715;424.5461964;75.97523051;488.8768632;332.4506075;521.7041563;329.2286867;698.2155295;206.0855541;573.4447637;264.5113313;70.97608852;174.7418124;414.9459042;266.3868828;288.0701831;43.42934504;100.1060235;315.376481;305.0484415;304.482002;165.898448;65.11755135;104.3478627;65.77428207;90.90930465;543.9605588;460.3146071;180.0659197;436.4355975;144.5972541;221.7423426;273.48004;242.8991211;570.6239774;0;0;0;0;0;0;0;0;0;4.152240376;0;0;0;0;0;0;0;0;0;0;0;0;41.17243264;0;258.7444837;0;0;20.83650963;0;0;0;0;19.38134727;0;0;0;0;34.01976547;0;0;0;0;0;0;8.818524501;9.260789499;0;0;56.39825505;0;0;0;0;0;0;0;0.402781123;0;0;0;32.1744845;0;172.3248567;0;0;4.825546895;0;66.12913872;0;42.5937391;0;5.323645095;0;0;5.471545282;21.7232558;0;0;366.1059059;0;0;0;0;316.3676845;0;332.9110717;672.4853253;246.437257;76.21112094;69.0757835;0
77;Aleutian Islands _s210045;135.1818687;120.6309237;180.0362184;77.01330296;268.1787702;390.2932255;305.5755697;231.5566352;145.050961;172.9322779;352.6698401;89.51922085;80.67711948;183.4132689;90.48676569;193.6307825;173.9103524;48.20503244;172.1151999;168.7735826;276.0620926;104.4080304;156.8716593;119.6402269;159.6827108;122.425664;105.0691259;118.3776284;96.99948267;222.049386;29.35801176;212.1071118;213.8627133;168.1090312;246.9632597;233.0133764;0;0;0;0;0;0;0;0;0;0;0;0;0;0;0;0;0;0;0;0;0;0;0;0;2.830779383;0;0;0;0;0;0;0;0;0;0;0;0;0;0;0;0;0;0;0;0;0;0;0;35.20978348;0;0;0;0;0;0;0;0;0;0;0;13.91399403;0;9.896483714;0;0;0;0;2.181106452;0;22.48175219;0;0;0;0;0;0;0;0;0;0;0;0;0;29.42955205;0;26.13196279;80.14997388;65.20388754;0;0;0
78;Eastern Bering Sea _s210045;118.662385;30.73032463;574.036562;8.575562399;403.9151559;181.2958416;536.5585242;243.4246079;159.7415909;112.007484;279.2856839;81.95773693;11.42149694;203.5173394;659.0022978;256.422934;758.4751639;5.438588301;18.29714515;80.75176044;174.4476025;673.7402547;215.7406872;10.75861478;37.98516159;11.01465468;116.2919647;323.396689;546.9893991;76.75983647;593.3298411;30.29402554;167.6070899;837.4907369;707.5344315;154.9334125;0;0;0;0;0;0;0;0;0;0;0;0;0;0;0;0;0;0;0;0;0;0;0;0;0;0;0;0;0;0;0;0;0;0;0;0;0;0;0;0;0;0;0;0;0;0;0;0;0;0;0;0;0;0;0;0;0;0;0;0;0;0;0;0;0;0;0;0;0;1.364786281;0;0;0;0;0;0;0;0;0;0;0;0;0;0;0;0;9.649958511;9.23400222;0;0;0
79;Kamchatka Shelf and Coast _s210045;0;33.76382893;111.5362041;15.29385059;144.8654753;200.0417289;170.5538064;122.7196651;0;81.4247751;208.2275433;18.24754799;26.47869556;114.0933478;95.22086699;135.4393104;133.8741789;19.81933617;64.36762028;77.9879353;169.2037551;103.3262334;82.50686316;39.14084226;57.97972741;40.13433927;42.2502262;103.1022267;110.8095785;119.8581402;65.95657994;51.081688;116.5900484;130.9276025;164.9853076;81.04813091;0;0;0;0;0;0;0;0;0;0;0;0;0;0;0;0;0;0;0;0;0;0;0;0;0;0;0;0;0;0;0;0;0;0;0;0;0;0;0;0;0;0;0;0;0;0;0;0;0.642021004;0;0;0;0;0;0;0;0;0;0;0;0.788615823;0;0;0;0;0;0;0;0;2.645203955;0;0;0;0;0;0;0;0;0;0;0;0;0;0;0;0;0;0;0;0;0
80;Puget Trough Georgia Basin _s210045;0;3.805997575;10.70089043;2.751517347;0;0;0;0;0;0;0;14.20121671;0.294651648;3.711719658;25.51796072;0;5.719453362;0;0;0;0.854046815;10.99339665;3.425011519;0;0.355057753;0;1.614458653;21.57953581;20.62746061;0;47.58745125;0;0;4.368978961;0;27.9400185;0;0;0;0;0;0;0;0;0;0;0;0;0;0;0;0;0;0;0;0;0;0;0;0;0.974837933;0;0;1.445107189;0;0;0;0;0.76917276;0;0;0;0;2.307159516;0;0;0;0;0;0;0.240187085;0;0;0;2.246184288;0;0;0;0;0;0;0;0;0;0;0;0;0;2.800891617;0;0;0;0;0.365909306;0;0;0;0;0;0;25.58752059;1.433437263;0;0;0;45.15537395;0;0;0;0;0;0;0;0;0;152.3914211;0
81;High seas _s210085;16.21070833;1105.372375;98.24061614;1154.336569;10.89373316;60.85993548;9.006385898;212.5217081;3.741092095;650.0659662;5.077921525;219.0018216;1026.913432;446.9000998;112.9448804;360.956405;124.8651802;962.5764437;1162.511656;165.5290923;88.03514573;91.55803622;623.4572119;1002.137998;1068.991633;1001.404986;813.5950742;48.08922774;124.0716547;745.203248;151.7490251;1037.990754;601.1937186;109.4951187;113.1408037;1.668060806;1258.582745;1240.190159;1238.437369;10.73338277;0;1338.758922;0;1101.498965;1120.802233;1242.585922;1269.482574;1248.409022;51.13378929;91.7578284;20.29432439;1266.880546;0;0;0;1267.457025;0;11.40455768;1093.803351;47.4761088;238.4791028;0;186.2040148;1134.948465;1313.078241;1076.220747;1365.343705;0;1237.897006;121.9072513;3.375436275;0;1116.256667;1308.253369;0;0;1122.536271;0;1169.918924;137.8522282;1249.030105;1169.975918;0;0;1089.310457;1282.511933;85.79717634;1159.154722;1403.701954;1381.592967;1000.614564;0;1149.325865;418.1595832;441.5991246;404.4106408;996.7609492;834.6644923;341.8254811;442.1785602;460.7108852;781.346886;1019.896662;808.5304221;688.4602811;1019.443242;704.8141696;834.8241324;1138.835998;1101.242532;0;1263.799681;3.482354908;0;0;6.732677865;0;0;0;35.05352403;0;7.238770857;0;955.0247505;1710.69765;0;0
82;Hawaii _s210085;0;1.15422241;0;5.926184711;0;0;0;0;0;0;0;31.26142425;12.4527777;1.597203407;0;0;0;64.63983941;0;0;0;0;0;8.475900631;0;6.050651112;11.24047244;0;0;0;0;0;0;0;0;0;144.6157754;147.4899155;156.9466779;221.5955661;373.2926105;8.714306552;0;37.48065223;76.85716542;131.3302195;143.4809182;141.708678;179.0761397;46.37223586;0;12.1320891;492.7866302;233.3093059;51.66276823;18.16498304;0;307.9921758;18.68033686;420.0563587;127.7225161;0;376.1077354;100.0062575;20.6947207;48.89796999;3.777980115;361.2361236;124.6872696;549.8219839;409.3054027;390.6197071;69.44446483;10.85665459;0;0;192.3193947;156.1692875;129.4443282;0;130.8351544;65.87811251;0;0;27.30278795;169.3698214;453.4762927;151.6027068;11.98265418;24.74466877;0;0;86.76912344;98.24982748;38.23166857;67.40177346;65.10374983;149.6507229;50.55609369;146.4625321;96.41403819;56.8314409;70.08559315;28.53375119;68.68006136;53.11748204;158.845697;124.6095273;29.85341158;3.077936533;320.890038;117.2427166;413.2858804;0;0;0;0;0;0;0;0;0;0;0;0;0;0
83;Revillagigedos _s210085;0;0;0;0.450248293;0;0;0;0;0;0;0;0;1.443293666;0;0;0;0;0.289435601;0;0;0;0;0;1.839655705;0;1.415111464;0;0;0;0;0;0;0;0;0;0;24.84031645;23.90949802;23.7350786;0;0;1.483821318;0;3.101615415;4.779264005;19.81197929;23.44481592;22.48502759;0;0;0;1.446169225;0;0;0;2.205537422;0;0;0;0;1.162306767;0;2.829186761;2.703525889;3.4357168;4.892445655;0;0;19.63272076;18.81562937;0;0;4.525924124;1.71712394;6.326711375;0;28.79563254;0;12.39692106;0;20.47157473;2.13074889;0;0;1.573929608;22.59013233;12.59506855;20.40504384;3.183057477;4.276119704;0;0;2.91210752;1.702477169;13.96156483;0;0.281090788;1.72813507;0;1.237800374;2.292395675;0.43338245;0;0;1.16679659;0.25062439;1.144997587;12.69357914;5.576029769;4.61122595;8.63645873;16.93399614;0;0;0;0;0;0;0;0;0;0;0;0;0;0;0
84;Mexican Tropical Pacific _s210085;0;0;0;0;0;0;0;0;0;0;0;0;0.40951585;0;0;0;0;0;0;0;0;0;0;0.760904716;0;0.49887001;0;0;0;0;0;0;0;0;0;0;7.753265944;6.780095677;7.604554015;55.52086179;24.26401968;2.565250414;8.102054109;1.866194594;5.162312292;5.244252011;7.05546664;6.208819489;61.70575417;19.85619674;0;2.613996256;39.45500766;14.50769638;43.42520085;1.016806785;5.640638137;3.663282163;0;13.35456996;0;13.37303189;0;1.998258266;2.202611681;4.487579696;0;36.26076893;5.45194469;7.323448556;10.66637863;41.7138488;4.455481725;1.184887768;13.7922308;21.40821229;8.300829778;59.46445947;4.193531478;0;5.502033955;1.298517329;39.50532463;51.24162397;0.883890413;9.813554173;3.875405707;5.025437511;4.46050343;6.310472999;3.540700351;11.93828134;2.315991458;0;19.83309508;0;0;0.247465642;0;0.394203941;0.630712038;0;0;0;0;0;0.245356626;5.817718886;5.339416816;12.9023465;3.540411653;6.597759434;34.47531359;63.31877729;0;0;0;0;0;0;0;0;0;0;0;0;0
85;Cortezian _s210085;0;1.459153966;0;13.0446936;0;0;0;0;0;0;0;124.733239;13.78370422;35.53292599;0;0;0;7.121516269;0;0;0;0;18.34702462;5.884971915;1.471383398;4.98129114;12.94114005;0;0;0;0;0;0;0;0;0;17.112218;19.25301262;21.77372304;767.2417158;687.9613133;26.59141932;729.5025974;34.04685417;29.36507095;16.64628137;20.09410451;19.5740576;872.618611;834.576915;554.6359493;38.40517184;699.6848411;707.6836045;732.1265128;34.81212407;658.9968178;550.9438135;15.93076859;560.2793433;144.8571675;991.8752523;383.5506729;18.75182151;34.29461919;37.69793972;19.01313385;703.6132185;16.23240517;363.0740457;576.5920245;763.5279657;31.08857867;19.32908379;1054.915855;655.3153355;19.81814299;862.054467;19.05043753;307.7970387;18.01562202;18.94851576;597.9969876;762.4547994;16.12522006;28.24234634;364.664912;20.32670968;34.23766301;21.89771067;31.53752384;747.1562113;18.78168377;83.10947708;101.4173407;46.08228197;7.339592809;14.68708588;119.9481835;62.74149919;76.20699484;25.75291866;16.97659079;38.47069999;60.542661;7.049741497;15.60286395;15.542738;27.6301427;14.59464371;439.7620414;18.32036078;611.640816;849.2165425;56.83782469;6.268355253;316.5984877;56.67778817;25.68593112;0;0;212.1683738;0;0;0;0;0
86;Magdalena Transition _s210085;0;3.243568259;0;2.89326218;0;0;0;0;0;0;0;20.9503098;2.284798797;6.725066976;0;0;0;1.888333878;0.450466868;0;0;7.791862255;5.251392342;1.02577661;2.061140343;0.992800713;3.413090987;0;0;0;0;0;0;0;0;0;9.530091011;10.46523576;10.62687676;119.5308536;114.7874777;5.968817956;161.2467631;6.651117533;5.93135539;9.305626635;9.967434744;10.08613608;56.52764892;108.1607735;120.2920569;7.938803443;138.974651;112.5943228;119.2921794;7.63341905;109.832803;110.7970058;3.991578585;112.4724332;26.50809303;190.1241421;75.77867925;4.312849803;7.269065324;6.969748567;4.953977653;108.1822468;8.614433866;96.2751814;122.1907932;105.1072849;6.128488696;3.915909575;178.6663292;138.6555145;11.99896339;122.0523047;9.239389973;85.5802193;9.63293369;4.41495892;151.5471818;191.0849857;3.412848494;11.04463681;114.4321185;11.34037577;7.569659075;4.136897202;10.60945569;186.9579908;4.066075438;12.89204085;10.80895342;7.594566024;2.126399761;3.431523576;16.1051268;14.65650251;12.73553153;4.517178614;4.672210732;6.923578048;9.927829607;1.977699392;2.685291961;7.872242399;4.102779309;2.101174386;97.09310746;7.765464154;119.7930088;145.1322887;23.14529975;57.92424577;247.1798686;167.7997571;173.2966391;16.52523276;10.54031152;43.36023743;0;0;0;0;0
87;Southern California Bight _s210085;0;36.96673965;0;32.20109089;0;0;0;0;0;0.669051778;0;121.264955;38.63682162;79.20706287;13.29782116;19.31614964;0;33.41347276;33.74406356;120.0661716;30.66028067;59.70349991;55.97835323;32.36012175;44.20168123;32.54756367;32.74177008;16.86490564;0;32.43521155;7.310401024;24.49767968;2.044304477;0;0;6.598652305;27.97786401;33.16274777;34.77104902;40.20139729;224.3997625;51.07447106;374.9185823;43.9451503;38.42268966;30.2339566;32.81088436;33.0858668;0;56.60866026;473.4586517;49.53280868;55.97478729;247.7257589;354.6221906;54.66196087;495.524739;322.2997118;34.03819161;277.1379564;162.9479099;352.492935;223.2445984;30.19859161;63.29492836;42.58281779;48.46236561;238.9096052;28.59937855;275.8123394;303.0466688;128.0450626;43.93844626;38.27283823;294.5716816;534.9563745;26.35448843;38.80206143;34.46249121;643.1888357;31.27204035;34.57204017;590.9943715;360.4051344;29.74638036;35.02968407;280.1057125;36.18033809;59.29566275;45.73032999;82.56154496;333.8213763;32.3493659;138.7453913;95.17883981;129.7351395;38.16067722;53.35771695;162.3116692;80.31511086;146.058353;95.76918717;41.23025316;95.7893166;133.4473307;36.45964513;6.488319662;55.95797408;70.26065372;87.03405038;248.8480251;29.35964986;270.7879176;376.8302081;337.979972;568.4469569;130.655758;676.6434465;761.5711784;268.9876465;537.2114331;316.6238373;8.605058545;84.36637126;41.76900912;32.72668224;139.3300833
88;Northern California _s210085;23.52868523;29.70710985;3.077848083;28.81797525;20.11693705;53.57343477;0;2.675802872;18.00590667;45.07296186;0;65.11625;30.91345257;48.89899661;10.35344108;41.9759625;0;26.73077821;48.09348088;164.5277063;130.2250584;26.31398135;44.60836614;28.74582435;38.41845241;28.87271924;26.17813357;20.20555788;5.765166993;68.67398612;2.351434724;48.6172401;26.80885365;0;0;51.95518804;15.75317333;18.47136947;16.20125573;0;4.411639942;29.29080048;7.943190303;8.304565944;14.47333218;18.82868203;18.77279263;19.89958176;0;0;74.48810685;3.455073755;0;9.489310839;11.79701007;12.77639829;85.354562;37.32400694;25.6013034;18.13281059;77.55585634;6.308033912;45.87635148;23.1320866;14.99384341;0.192973495;38.81848161;9.00090009;18.34875919;53.0105007;23.69556265;0;16.19001133;31.6692564;0;15.55829382;0;0;16.47901026;180.1560866;20.00710699;26.59993075;27.08559047;0;23.21590633;7.838204847;78.53079064;15.44789764;12.18324487;31.93593719;12.60742232;0;24.40853606;9.019230194;3.552943021;12.92041635;30.79766018;24.04953602;83.67663706;4.076068746;26.9629396;74.9584953;27.77302152;72.03391047;84.8039832;29.97566958;0;41.33750716;44.4609131;10.36957954;100.6871617;20.51303388;28.76425154;6.678653994;183.5803142;229.37537;0;247.9304231;237.3446752;141.0230236;429.1215718;156.7917768;134.300378;116.8654292;103.2504091;287.2953021;470.5142318
89;North American Pacific Fijordland _s210085;433.3662694;63.96560553;222.3387351;52.78118996;175.1702881;209.3183751;14.01541696;127.0953897;403.9162847;114.5721825;110.5676461;306.3494593;44.20523836;121.5103207;229.5269363;179.3007973;67.04024593;30.97194342;57.6597591;254.7325498;214.4511554;165.2518029;91.3015219;33.9565769;53.49637104;33.8688283;46.12766998;304.565109;266.600612;111.1689661;307.8516966;69.99209953;124.7672663;72.21058736;13.22181908;337.6596616;3.429490498;6.785365181;0;0;0;0;0;0;0;22.15177242;19.05738288;18.60089374;0;0;0;0;0;0;0;0;0;0;41.48607161;0;269.2239915;0;0;36.90900561;0;0;40.75852545;0;29.89839243;5.633421966;0;0;0;55.150264;0;0;0;0;0;30.87695412;25.28326965;22.32269336;0;0;44.31367688;0;150.0104959;0;0;0.286968831;0;0;23.37338857;0;0;0;30.96162981;0;297.5947343;0;0;75.02516952;11.81064826;108.043691;50.36336661;34.33802282;0;38.68597782;0;0;402.1049357;34.76389056;0;0;475.0938996;1037.180633;0;0;0;491.3271418;308.1491075;161.1350393;639.6631734;206.7619132;133.7253666;908.9773536;0
90;Oregon Washington Vancouver Coast and Shelf _s210085;118.1683443;36.38172281;36.934177;33.91453579;47.71596297;127.0162261;0;24.06123916;100.9486558;67.23383477;6.74872151;191.7867287;35.10100184;93.98281099;55.36589215;101.0641062;2.37259889;28.0892582;51.61531276;219.6239596;175.6774299;64.30844664;64.75987253;30.82868062;42.70622612;30.55455329;31.86596545;93.91543301;61.66317395;90.40675828;46.95884989;56.57553844;68.41950681;10.37471405;0;120.6155144;9.974716736;13.91500465;7.354127526;0;0;4.116137102;0;0;0;19.1077697;17.69710924;18.53101683;0;0;5.78218181;0;0;0;0;0;0;0;27.43922775;0;126.7664251;0;0;26.26257598;0;0;35.74821259;0;21.25686442;8.506467168;0;0;0;36.83507807;0;0;0;0;10.25475291;78.40801342;20.13913036;23.03294299;0;0;27.40771659;0;54.04037957;4.390729976;0;8.583493439;0;0;22.37650529;0;0;0.804509113;31.50298984;1.249701495;242.3938287;0;9.83668197;85.97641066;21.77527469;94.0171676;90.34626701;31.4024916;0;43.57730834;27.83996928;0;144.3522388;23.77319257;0;0;221.0229637;409.9968658;0;133.1788422;16.01200901;400.8428254;303.8778702;116.3270477;157.4111067;167.9610989;119.5650936;414.579612;0
91;Eastern Bering Sea _s210085;524.4241339;117.226984;817.4370831;50.11722089;845.4054563;184.7625467;565.0581837;467.9926756;546.0473689;265.7309332;292.0623896;437.7692998;20.22109361;201.9136695;1119.961357;424.8128303;795.5197997;7.387610289;18.29714515;175.4227851;208.7632036;733.4876112;220.0942185;10.75861478;38.1356098;11.01465468;117.638;946.2397457;949.0604751;83.12096773;1271.660555;55.23655141;320.7423154;846.2544705;654.8075818;341.0693742;0;0;0;0;0;0;0;0;0;0;0;0;0;0;0;0;0;0;0;0;0;0;21.51563313;0;116.9430582;0;0;9.683601041;0;0;0;0;9.878827444;0;0;0;0;17.15438124;0;0;0;0;0;0;0.079532147;0.5922026;0;0;32.75196345;0;0;0;0;0;0;0;0;0;0;0;6.806040849;0;91.37908901;0;0;0;0;28.2395888;0;7.538583129;0;0;0;0;0;11.2260611;0;0;7.676036118;0;0;0;0;55.12262955;0;650.5483369;71.66784474;122.1383274;18.64942125;0;0
92;Gulf of Alaska _s210085;712.1286976;116.3505882;414.7400292;94.24155362;456.8074068;327.5715409;239.668565;334.5278257;696.0864527;232.6656901;414.7515258;343.2351278;83.59616843;173.6554554;413.829734;285.8622545;229.6836191;52.53956398;109.4511635;375.259359;309.0282997;300.6957124;164.9611686;65.06216905;103.7039444;64.93459987;90.39988809;541.5897733;455.9523705;198.775515;435.3879285;140.7137468;241.2149897;237.9869188;173.1135847;571.1636441;0;0;0;0;0;0;0;0;0;34.51600519;11.87656101;7.824510095;0;0;0;0;0;0;0;0;0;0;70.49558511;0;396.3653543;0;0;54.5355104;0;0;29.57598599;0;47.81515048;0;0;0;0;79.49826265;0;0;0;0;0;0;39.87741869;37.54485787;0;0;74.26991452;0;159.2684095;0;0;0;0;0;22.74505002;0;0;0;48.53500947;0;289.3554448;0;0;33.82883393;0;112.1619644;7.242185732;57.57412961;0;25.70007168;0;0;318.207908;50.51347879;0;0;1020.56123;217.0708208;0;0;0;464.1317704;0;490.9334395;782.56861;327.7942181;214.5679978;158.2622382;0
93;Aleutian Islands _s210085;143.7658247;143.6882669;199.3085578;101.0453056;290.5779796;512.1735921;333.8284789;337.0777085;151.6206837;286.107668;423.367612;145.3710908;109.395667;183.4132689;91.62218023;273.6943372;171.1595131;80.68250782;201.9402018;398.0709302;383.0570777;108.8814073;156.8716593;119.6354111;159.6676659;121.9959443;105.0691259;128.6689926;106.9953616;268.6233594;29.35801176;234.5762929;290.2847664;155.1696362;174.049406;277.1188665;0;0;0;0;0;0;0;0;0;0.569533557;0;0;0;0;0;0;0;0;0;0;0;0;79.07256539;0;186.3627672;0;0;34.12942145;0;0;0;0;38.71904287;0;0;0;0;67.2881387;0;0;0;0;0;0;6.892255891;11.99161079;0;0;78.65024065;0;0;0;0;0;0;0;0;0;0;0;60.80670454;0;179.8639233;0;0;0.425048172;0;68.01608279;0;80.1402504;0;0.205864079;0;0;0;46.6474499;0;0;0;0;0;0;0;83.08840807;103.4052784;302.5806218;94.34832048;395.8274656;83.18685866;0;0
94;Puget Trough Georgia Basin _s210085;0;3.776633795;1.807341026;2.776531141;0;0;0;0;0;0;0;15.62290067;0.297148696;3.705253247;25.28702895;0;0;0;0;0;0.854046815;11.08110992;3.411872089;0;0.352048789;0;1.610540064;20.60966903;17.01053075;0;45.93446249;0;0;0.670167864;0;27.69471544;0;0;0;0;0;0;0;0;0;0.342369175;0;0.170431498;0;0;0;0;0;0;0;0;0;0;0;0;0.974837933;0;0;2.281748192;0;0;0;0;1.095807768;0;0;0;0;3.296974298;0;0;0;0;0;0;1.097543634;0;0;0;2.32977151;0;0;0;0;0;0;0;0;0;0;0;0;0;2.800891617;0;0;0;0;0.738993305;0;0;0;0;0;0;50.85318557;2.292892231;0;0;0;76.61323087;0;0;0;0;0;0;0;0;0;189.7398104;0
95;Kamchatka Shelf and Coast _s210085;0;46.78327701;111.5898875;29.53712183;167.8293707;215.4493075;162.5097466;125.2800411;0;107.7349428;201.9374728;104.1891246;37.27593053;114.0416165;111.9056875;156.0040962;131.6276601;26.69576584;66.43976787;200.177045;200.871811;106.3523413;82.43240639;39.13602641;57.95866466;40.12446066;42.21691819;141.034794;125.2553772;124.9404874;86.25807578;69.5517018;126.4169424;120.2049167;112.3921466;150.9595029;0;0;0;0;0;0;0;0;0;0;0;0;0;0;0;0;0;0;0;0;0;0;20.66671699;0;61.92095564;0;0;5.48311005;0;0;0;0;6.228643602;0;0;0;0;11.07340235;0;0;0;0;0;0;0;0;0;0;22.07414044;0;0;0;0;0;0;0;0;0;0;0;24.24928589;0;87.10772929;0;0;0;0;38.14783884;0;25.72498068;0;0;0;0;0;10.09935512;0;0;0;0;0;0;0;0;0;169.5320135;0;175.0344989;30.19023359;0;0
